field_001,field_002,field_003,field_004,field_005,field_006,field_007,field_008,field_009,field_010,field_011,field_012,field_013,field_014,field_015,field_016,field_017,field_018,field_019,field_020
145.8412,98.231,south,2020-01-01 00:00:00,true,115.755,117.3635,north,2020-01-01 00:00:00,true,96.8466,73.7988,south,2020-01-01 00:00:00,false,136.6797,135.0942,west,2020-01-01 00:00:00,false
149.8407,84.0854,south,2020-01-01 00:01:00,false,117.6909,78.6148,west,2020-01-01 00:01:00,true,53.3608,109.5345,north,2020-01-01 00:01:00,false,75.5169,95.9382,north,2020-01-01 00:01:00,false
77.4383,100.0905,east,2020-01-01 00:02:00,false,88.8194,82.029,south,2020-01-01 00:02:00,false,147.2365,126.1627,west,2020-01-01 00:02:00,true,63.5949,129.717,west,2020-01-01 00:02:00,true
76.8744,138.8889,west,2020-01-01 00:03:00,true,25.544,77.697,north,2020-01-01 00:03:00,false,122.7163,147.7934,south,2020-01-01 00:03:00,false,92.507,100.2268,south,2020-01-01 00:03:00,false
95.0854,124.5284,south,2020-01-01 00:04:00,false,65.7354,125.9339,north,2020-01-01 00:04:00,true,84.2564,90.1709,east,2020-01-01 00:04:00,false,125.6263,131.074,north,2020-01-01 00:04:00,false
80.8747,17.8846,south,2020-01-01 00:05:00,true,85.9777,102.57,north,2020-01-01 00:05:00,true,101.8523,124.518,north,2020-01-01 00:05:00,true,68.535,112.6997,north,2020-01-01 00:05:00,true
91.4301,82.9615,south,2020-01-01 00:06:00,false,75.0218,96.8582,east,2020-01-01 00:06:00,false,104.945,71.9121,east,2020-01-01 00:06:00,false,126.9153,134.82,east,2020-01-01 00:06:00,false
61.0872,106.5789,south,2020-01-01 00:07:00,false,103.5938,103.6775,east,2020-01-01 00:07:00,false,105.0769,53.6389,east,2020-01-01 00:07:00,false,67.7851,114.1051,west,2020-01-01 00:07:00,true
100.0706,68.6274,south,2020-01-01 00:08:00,false,98.8327,111.3559,east,2020-01-01 00:08:00,true,94.9401,168.8556,north,2020-01-01 00:08:00,false,67.264,57.6803,south,2020-01-01 00:08:00,false
65.9581,82.2436,north,2020-01-01 00:09:00,false,106.6142,83.0275,south,2020-01-01 00:09:00,true,78.5737,96.6953,north,2020-01-01 00:09:00,false,81.5277,93.3821,west,2020-01-01 00:09:00,true
135.5435,128.1481,east,2020-01-01 00:10:00,false,110.7812,59.0667,north,2020-01-01 00:10:00,true,127.0669,106.589,north,2020-01-01 00:10:00,true,115.6359,91.5217,north,2020-01-01 00:10:00,true
120.5698,69.1836,east,2020-01-01 00:11:00,true,103.144,126.444,north,2020-01-01 00:11:00,false,76.6438,137.9632,west,2020-01-01 00:11:00,false,96.5872,126.3391,south,2020-01-01 00:11:00,false
53.4237,76.6174,west,2020-01-01 00:12:00,false,127.6425,75.4441,east,2020-01-01 00:12:00,false,79.5101,110.0341,west,2020-01-01 00:12:00,true,90.5406,94.4719,north,2020-01-01 00:12:00,true
60.34,133.979,west,2020-01-01 00:13:00,false,98.6542,54.3672,south,2020-01-01 00:13:00,true,94.7468,117.8944,west,2020-01-01 00:13:00,false,34.0907,132.4787,east,2020-01-01 00:13:00,true
108.2095,164.6132,west,2020-01-01 00:14:00,false,94.4554,55.3793,west,2020-01-01 00:14:00,false,105.2094,72.7774,east,2020-01-01 00:14:00,false,68.1903,82.9709,south,2020-01-01 00:14:00,false
163.842,63.2455,south,2020-01-01 00:15:00,false,71.8196,89.3923,west,2020-01-01 00:15:00,false,155.7365,118.4289,south,2020-01-01 00:15:00,false,90.0877,113.876,south,2020-01-01 00:15:00,false
97.0967,42.7334,west,2020-01-01 00:16:00,false,116.6146,82.4046,north,2020-01-01 00:16:00,true,166.7181,114.2704,south,2020-01-01 00:16:00,false,79.5494,106.7617,north,2020-01-01 00:16:00,true
95.4762,117.8062,south,2020-01-01 00:17:00,false,76.137,103.1303,south,2020-01-01 00:17:00,true,35.6433,77.0788,north,2020-01-01 00:17:00,true,96.0596,73.7468,north,2020-01-01 00:17:00,true
126.9443,84.9512,west,2020-01-01 00:18:00,false,98.1802,130.4482,south,2020-01-01 00:18:00,true,110.3669,55.7801,south,2020-01-01 00:18:00,false,96.839,100.0566,north,2020-01-01 00:18:00,true
85.5257,103.7561,east,2020-01-01 00:19:00,true,137.4364,92.6493,west,2020-01-01 00:19:00,false,103.3727,99.2206,west,2020-01-01 00:19:00,true,64.9636,97.3146,west,2020-01-01 00:19:00,false
81.5707,76.5345,south,2020-01-01 00:20:00,true,89.7913,60.1993,south,2020-01-01 00:20:00,false,68.07,93.1859,west,2020-01-01 00:20:00,false,117.7475,124.0805,north,2020-01-01 00:20:00,true
104.7703,123.6195,south,2020-01-01 00:21:00,true,144.0443,38.7382,north,2020-01-01 00:21:00,true,95.019,133.6244,west,2020-01-01 00:21:00,false,115.4894,83.7766,west,2020-01-01 00:21:00,false
52.7335,112.4635,west,2020-01-01 00:22:00,false,122.7508,108.1347,south,2020-01-01 00:22:00,true,82.113,133.6205,west,2020-01-01 00:22:00,true,113.1486,97.7214,north,2020-01-01 00:22:00,true
147.064,113.7378,north,2020-01-01 00:23:00,false,107.0793,110.5759,east,2020-01-01 00:23:00,true,109.4659,73.241,north,2020-01-01 00:23:00,false,113.6777,90.1545,north,2020-01-01 00:23:00,false
62.3855,101.8013,east,2020-01-01 00:24:00,true,113.5849,81.772,east,2020-01-01 00:24:00,true,116.3235,110.7937,east,2020-01-01 00:24:00,false,137.2683,108.0596,east,2020-01-01 00:24:00,false
81.3693,109.2179,south,2020-01-01 00:25:00,true,110.9793,127.4401,east,2020-01-01 00:25:00,false,103.499,30.8312,north,2020-01-01 00:25:00,false,110.0093,82.7795,west,2020-01-01 00:25:00,true
109.6992,99.1521,west,2020-01-01 00:26:00,true,94.9365,79.0091,south,2020-01-01 00:26:00,true,121.8786,98.2437,west,2020-01-01 00:26:00,true,109.8057,98.2089,south,2020-01-01 00:26:00,false
85.3114,110.5219,north,2020-01-01 00:27:00,false,83.7207,108.3002,east,2020-01-01 00:27:00,false,132.2644,128.0338,west,2020-01-01 00:27:00,false,107.888,91.4681,west,2020-01-01 00:27:00,false
69.9888,95.1927,north,2020-01-01 00:28:00,false,119.1096,159.621,north,2020-01-01 00:28:00,true,115.0195,88.4952,west,2020-01-01 00:28:00,true,99.815,137.9851,north,2020-01-01 00:28:00,true
128.2608,40.4969,north,2020-01-01 00:29:00,false,81.0751,130.956,north,2020-01-01 00:29:00,true,129.6703,93.9126,south,2020-01-01 00:29:00,false,96.4739,68.0021,east,2020-01-01 00:29:00,false
147.9105,89.299,west,2020-01-01 00:30:00,true,109.6641,109.0089,east,2020-01-01 00:30:00,false,105.2381,111.5917,west,2020-01-01 00:30:00,false,89.4448,77.1373,west,2020-01-01 00:30:00,false
157.1155,121.0263,west,2020-01-01 00:31:00,true,139.3754,100.1443,east,2020-01-01 00:31:00,false,99.6344,134.3529,west,2020-01-01 00:31:00,true,25.0275,78.3088,west,2020-01-01 00:31:00,true
58.6402,85.1354,east,2020-01-01 00:32:00,true,111.8342,92.6062,west,2020-01-01 00:32:00,true,96.9885,123.5366,west,2020-01-01 00:32:00,true,107.0023,82.0245,west,2020-01-01 00:32:00,true
131.6957,97.5293,west,2020-01-01 00:33:00,false,114.9021,89.9813,north,2020-01-01 00:33:00,false,99.6306,99.5409,north,2020-01-01 00:33:00,false,142.314,55.4268,south,2020-01-01 00:33:00,false
99.8181,92.5983,west,2020-01-01 00:34:00,false,100.8976,123.8859,west,2020-01-01 00:34:00,false,107.2067,122.5497,south,2020-01-01 00:34:00,false,102.4305,86.7196,south,2020-01-01 00:34:00,true
81.0119,91.6036,north,2020-01-01 00:35:00,false,132.5515,96.2752,east,2020-01-01 00:35:00,true,101.8563,88.5644,east,2020-01-01 00:35:00,true,93.5169,95.2441,north,2020-01-01 00:35:00,true
128.1034,100.4261,north,2020-01-01 00:36:00,false,111.4997,103.2375,east,2020-01-01 00:36:00,true,80.2128,55.3735,east,2020-01-01 00:36:00,false,92.8482,125.5937,east,2020-01-01 00:36:00,false
103.7814,108.8205,west,2020-01-01 00:37:00,false,64.0828,132.5861,north,2020-01-01 00:37:00,false,116.8888,104.2011,north,2020-01-01 00:37:00,false,117.2322,101.691,west,2020-01-01 00:37:00,false
66.2066,109.8803,north,2020-01-01 00:38:00,true,116.338,96.8604,south,2020-01-01 00:38:00,true,98.3664,69.6635,south,2020-01-01 00:38:00,false,91.2306,100.9195,south,2020-01-01 00:38:00,true
76.5234,111.6126,west,2020-01-01 00:39:00,true,74.662,97.2704,north,2020-01-01 00:39:00,true,123.0413,82.1253,west,2020-01-01 00:39:00,true,89.8215,59.5621,east,2020-01-01 00:39:00,true
133.901,47.9084,west,2020-01-01 00:40:00,false,140.027,68.284,south,2020-01-01 00:40:00,true,140.5567,73.7027,south,2020-01-01 00:40:00,false,121.4516,97.5685,west,2020-01-01 00:40:00,true
102.2917,129.0896,south,2020-01-01 00:41:00,false,144.8636,110.9051,north,2020-01-01 00:41:00,false,106.9317,75.4198,north,2020-01-01 00:41:00,false,106.7725,70.2105,west,2020-01-01 00:41:00,false
55.848,134.6737,east,2020-01-01 00:42:00,false,120.5716,112.8122,south,2020-01-01 00:42:00,true,94.8662,109.7831,north,2020-01-01 00:42:00,false,113.5631,83.7343,west,2020-01-01 00:42:00,true
78.1593,62.9995,south,2020-01-01 00:43:00,false,54.2413,70.4289,west,2020-01-01 00:43:00,true,136.7012,84.6428,south,2020-01-01 00:43:00,false,93.5498,87.08,north,2020-01-01 00:43:00,false
70.8333,121.3295,south,2020-01-01 00:44:00,false,110.9154,88.076,south,2020-01-01 00:44:00,false,101.1889,121.2919,west,2020-01-01 00:44:00,true,108.8899,132.6648,north,2020-01-01 00:44:00,true
110.0563,65.9546,north,2020-01-01 00:45:00,true,108.1837,125.2021,east,2020-01-01 00:45:00,false,127.722,104.0186,east,2020-01-01 00:45:00,false,135.0295,81.3316,east,2020-01-01 00:45:00,false
102.6887,138.3992,south,2020-01-01 00:46:00,true,109.9224,94.4758,south,2020-01-01 00:46:00,true,82.8096,82.4513,east,2020-01-01 00:46:00,false,108.9235,111.1665,north,2020-01-01 00:46:00,false
72.2289,99.1575,south,2020-01-01 00:47:00,false,114.1607,150.4854,west,2020-01-01 00:47:00,false,108.8133,129.0887,south,2020-01-01 00:47:00,true,117.3417,121.0332,south,2020-01-01 00:47:00,false
85.0168,94.3646,west,2020-01-01 00:48:00,true,141.3934,95.9828,west,2020-01-01 00:48:00,true,119.5857,118.7105,south,2020-01-01 00:48:00,false,99.7139,147.6299,west,2020-01-01 00:48:00,false
124.3401,81.3681,south,2020-01-01 00:49:00,true,91.5463,84.858,south,2020-01-01 00:49:00,false,66.8646,87.4884,east,2020-01-01 00:49:00,false,85.3767,120.2957,west,2020-01-01 00:49:00,false
98.5761,118.4321,west,2020-01-01 00:50:00,true,76.12,93.6158,west,2020-01-01 00:50:00,false,85.596,123.7353,south,2020-01-01 00:50:00,true,87.3049,86.0743,east,2020-01-01 00:50:00,true
121.5664,98.3613,south,2020-01-01 00:51:00,true,106.1697,87.5017,north,2020-01-01 00:51:00,false,120.183,94.9399,east,2020-01-01 00:51:00,true,93.2839,98.818,north,2020-01-01 00:51:00,false
132.9026,52.5041,west,2020-01-01 00:52:00,true,64.916,111.3722,south,2020-01-01 00:52:00,true,81.4401,78.176,north,2020-01-01 00:52:00,false,103.7412,160.3018,west,2020-01-01 00:52:00,false
88.8679,86.5019,north,2020-01-01 00:53:00,true,89.9761,96.3002,north,2020-01-01 00:53:00,false,118.3823,132.9935,south,2020-01-01 00:53:00,false,101.2298,91.2715,north,2020-01-01 00:53:00,true
89.5206,68.7262,north,2020-01-01 00:54:00,true,92.5589,82.2922,north,2020-01-01 00:54:00,true,110.5606,65.4498,south,2020-01-01 00:54:00,true,127.4287,52.7633,west,2020-01-01 00:54:00,true
74.4863,98.9789,south,2020-01-01 00:55:00,true,79.8646,122.1799,north,2020-01-01 00:55:00,true,146.3319,42.1174,east,2020-01-01 00:55:00,false,68.4935,61.0377,north,2020-01-01 00:55:00,true
87.4753,164.3252,west,2020-01-01 00:56:00,false,94.0938,80.765,west,2020-01-01 00:56:00,true,68.1866,90.8385,east,2020-01-01 00:56:00,false,62.809,102.0036,south,2020-01-01 00:56:00,false
75.715,121.0692,west,2020-01-01 00:57:00,false,56.6697,99.1435,west,2020-01-01 00:57:00,true,104.8494,110.9688,south,2020-01-01 00:57:00,false,77.8344,109.0911,north,2020-01-01 00:57:00,true
79.0419,102.5057,east,2020-01-01 00:58:00,true,105.8397,107.7915,south,2020-01-01 00:58:00,true,76.1503,61.0638,east,2020-01-01 00:58:00,false,101.6812,81.7033,south,2020-01-01 00:58:00,true
68.3241,140.7648,north,2020-01-01 00:59:00,false,101.497,106.0562,south,2020-01-01 00:59:00,true,93.9509,89.6582,south,2020-01-01 00:59:00,true,122.4133,83.3262,east,2020-01-01 00:59:00,true
73.1201,41.2809,east,2020-01-01 01:00:00,false,141.3299,113.7419,south,2020-01-01 01:00:00,true,113.792,87.4047,west,2020-01-01 01:00:00,true,106.9924,125.0617,south,2020-01-01 01:00:00,true
82.3285,85.6363,north,2020-01-01 01:01:00,true,118.4003,119.4513,east,2020-01-01 01:01:00,false,92.1481,124.014,south,2020-01-01 01:01:00,true,69.1363,111.3405,north,2020-01-01 01:01:00,false
84.6924,98.8297,south,2020-01-01 01:02:00,true,114.1496,99.127,west,2020-01-01 01:02:00,true,105.266,77.6214,east,2020-01-01 01:02:00,true,92.3857,110.4621,north,2020-01-01 01:02:00,true
57.08,116.7897,east,2020-01-01 01:03:00,true,93.1942,101.9927,east,2020-01-01 01:03:00,false,118.5591,97.537,south,2020-01-01 01:03:00,true,101.9713,95.7393,north,2020-01-01 01:03:00,false
86.8614,82.508,east,2020-01-01 01:04:00,true,89.4689,93.4503,east,2020-01-01 01:04:00,true,109.1866,129.1861,north,2020-01-01 01:04:00,true,132.018,107.5706,south,2020-01-01 01:04:00,true
106.9935,113.8607,east,2020-01-01 01:05:00,true,120.5909,70.842,west,2020-01-01 01:05:00,true,123.5931,65.393,east,2020-01-01 01:05:00,true,58.9368,88.5168,east,2020-01-01 01:05:00,false
113.013,112.8173,north,2020-01-01 01:06:00,false,131.1615,61.0803,east,2020-01-01 01:06:00,false,64.6164,126.8037,west,2020-01-01 01:06:00,false,143.6211,73.9798,south,2020-01-01 01:06:00,true
43.2515,114.9434,east,2020-01-01 01:07:00,false,110.0784,55.0179,east,2020-01-01 01:07:00,true,88.9433,108.4559,west,2020-01-01 01:07:00,false,82.1626,89.9362,west,2020-01-01 01:07:00,true
107.9611,46.823,south,2020-01-01 01:08:00,false,88.2734,98.5404,south,2020-01-01 01:08:00,true,70.8316,95.4468,west,2020-01-01 01:08:00,true,118.4949,102.0061,north,2020-01-01 01:08:00,true
53.0813,94.3075,north,2020-01-01 01:09:00,true,110.9406,93.9004,north,2020-01-01 01:09:00,false,106.3963,100.1449,west,2020-01-01 01:09:00,false,74.8439,92.5048,south,2020-01-01 01:09:00,true
123.7467,85.3268,south,2020-01-01 01:10:00,true,115.3855,151.3126,east,2020-01-01 01:10:00,false,94.355,111.4983,west,2020-01-01 01:10:00,false,107.7779,82.1879,east,2020-01-01 01:10:00,false
85.6357,96.1253,east,2020-01-01 01:11:00,true,97.409,91.9689,west,2020-01-01 01:11:00,true,86.8363,85.7471,west,2020-01-01 01:11:00,true,44.2477,97.1877,east,2020-01-01 01:11:00,true
125.636,139.3916,east,2020-01-01 01:12:00,true,87.8343,101.0689,west,2020-01-01 01:12:00,true,132.5624,117.6915,south,2020-01-01 01:12:00,true,115.9571,93.9113,west,2020-01-01 01:12:00,true
52.4451,128.2999,east,2020-01-01 01:13:00,false,98.1406,45.3016,south,2020-01-01 01:13:00,false,99.7003,83.4037,south,2020-01-01 01:13:00,true,93.1116,93.7017,south,2020-01-01 01:13:00,true
70.6894,92.3017,east,2020-01-01 01:14:00,false,74.5889,109.0092,east,2020-01-01 01:14:00,false,54.1876,127.0714,east,2020-01-01 01:14:00,false,61.7124,110.9353,west,2020-01-01 01:14:00,false
86.8312,81.8921,north,2020-01-01 01:15:00,false,90.8665,125.9654,south,2020-01-01 01:15:00,false,123.9105,121.1716,north,2020-01-01 01:15:00,false,109.863,89.9793,west,2020-01-01 01:15:00,true
125.4497,114.1808,south,2020-01-01 01:16:00,true,99.9302,102.0243,east,2020-01-01 01:16:00,true,129.5964,80.5802,east,2020-01-01 01:16:00,false,102.4134,99.5797,east,2020-01-01 01:16:00,true
105.6832,80.7578,east,2020-01-01 01:17:00,true,96.5154,112.7596,north,2020-01-01 01:17:00,false,130.3427,148.727,east,2020-01-01 01:17:00,false,111.9818,77.8266,east,2020-01-01 01:17:00,true
125.6503,84.5668,east,2020-01-01 01:18:00,true,119.6538,107.2352,south,2020-01-01 01:18:00,true,118.8257,64.1741,south,2020-01-01 01:18:00,false,93.3632,111.9332,south,2020-01-01 01:18:00,true
152.1845,95.595,west,2020-01-01 01:19:00,false,122.3861,161.9387,north,2020-01-01 01:19:00,false,112.0943,153.1157,north,2020-01-01 01:19:00,false,38.9633,71.2579,west,2020-01-01 01:19:00,false
129.9701,102.7424,west,2020-01-01 01:20:00,false,135.0402,111.4735,east,2020-01-01 01:20:00,false,95.6306,66.0079,north,2020-01-01 01:20:00,true,89.4919,70.1473,west,2020-01-01 01:20:00,false
116.0664,101.0772,west,2020-01-01 01:21:00,true,95.932,102.1481,east,2020-01-01 01:21:00,true,67.2942,71.9581,south,2020-01-01 01:21:00,true,106.661,116.6369,north,2020-01-01 01:21:00,false
116.6169,106.112,east,2020-01-01 01:22:00,false,43.8717,100.0768,north,2020-01-01 01:22:00,false,96.3253,98.1952,south,2020-01-01 01:22:00,true,121.0522,127.389,north,2020-01-01 01:22:00,false
79.7795,94.4536,north,2020-01-01 01:23:00,false,98.1097,109.4012,north,2020-01-01 01:23:00,false,62.5489,115.1063,south,2020-01-01 01:23:00,true,126.6805,80.8209,south,2020-01-01 01:23:00,false
114.9782,95.0501,north,2020-01-01 01:24:00,true,67.6409,76.2081,east,2020-01-01 01:24:00,false,71.8228,102.201,north,2020-01-01 01:24:00,true,94.8807,102.3259,north,2020-01-01 01:24:00,true
144.2125,119.3943,north,2020-01-01 01:25:00,true,76.1644,86.6091,east,2020-01-01 01:25:00,false,150.8333,117.7415,north,2020-01-01 01:25:00,false,94.1162,104.9822,east,2020-01-01 01:25:00,true
148.8278,89.6675,south,2020-01-01 01:26:00,true,79.4472,115.8685,west,2020-01-01 01:26:00,true,97.6547,107.1175,east,2020-01-01 01:26:00,false,88.9121,78.4666,east,2020-01-01 01:26:00,true
87.4519,60.979,east,2020-01-01 01:27:00,true,76.4175,87.9508,west,2020-01-01 01:27:00,true,58.495,114.2494,south,2020-01-01 01:27:00,false,76.6083,107.8891,west,2020-01-01 01:27:00,false
143.0549,62.6655,east,2020-01-01 01:28:00,false,77.1937,136.8694,west,2020-01-01 01:28:00,true,94.4368,114.5197,east,2020-01-01 01:28:00,false,113.5395,60.3817,north,2020-01-01 01:28:00,true
66.7211,72.3332,south,2020-01-01 01:29:00,true,110.0387,101.5344,north,2020-01-01 01:29:00,false,48.7161,105.6585,west,2020-01-01 01:29:00,false,89.4215,35.4367,east,2020-01-01 01:29:00,false
104.1323,131.2759,west,2020-01-01 01:30:00,true,100.8614,102.4334,east,2020-01-01 01:30:00,false,67.4207,101.656,west,2020-01-01 01:30:00,false,68.768,98.0063,east,2020-01-01 01:30:00,false
89.9335,111.5627,south,2020-01-01 01:31:00,true,93.171,79.6192,east,2020-01-01 01:31:00,false,128.8483,107.5691,south,2020-01-01 01:31:00,true,141.6789,125.5742,east,2020-01-01 01:31:00,true
140.4189,65.1106,north,2020-01-01 01:32:00,true,121.0208,111.4116,north,2020-01-01 01:32:00,false,89.9312,53.654,east,2020-01-01 01:32:00,false,62.5304,114.3502,north,2020-01-01 01:32:00,true
85.1176,140.6161,east,2020-01-01 01:33:00,false,82.246,77.5051,west,2020-01-01 01:33:00,false,116.7816,90.1708,west,2020-01-01 01:33:00,false,90.54,103.5291,west,2020-01-01 01:33:00,true
107.2191,111.6823,east,2020-01-01 01:34:00,true,103.6466,101.0352,north,2020-01-01 01:34:00,false,125.9851,105.7197,south,2020-01-01 01:34:00,true,112.9945,120.2905,south,2020-01-01 01:34:00,false
87.9452,89.9036,east,2020-01-01 01:35:00,false,145.4712,151.724,south,2020-01-01 01:35:00,true,82.6518,106.0545,west,2020-01-01 01:35:00,false,117.4133,103.7401,north,2020-01-01 01:35:00,false
44.5024,119.2553,east,2020-01-01 01:36:00,false,55.2937,87.4923,west,2020-01-01 01:36:00,false,92.8977,124.9829,east,2020-01-01 01:36:00,false,102.9795,92.8148,north,2020-01-01 01:36:00,true
72.2334,110.5769,west,2020-01-01 01:37:00,true,135.9244,101.9689,east,2020-01-01 01:37:00,true,119.7824,92.8888,south,2020-01-01 01:37:00,true,74.3956,111.5696,south,2020-01-01 01:37:00,false
112.9921,135.1187,east,2020-01-01 01:38:00,false,98.0972,125.1374,north,2020-01-01 01:38:00,true,75.6553,106.3092,north,2020-01-01 01:38:00,true,99.7858,120.6674,south,2020-01-01 01:38:00,false
138.9659,97.211,north,2020-01-01 01:39:00,true,53.7345,144.8402,west,2020-01-01 01:39:00,true,102.5026,108.4751,south,2020-01-01 01:39:00,false,117.0933,134.9268,south,2020-01-01 01:39:00,false
117.3778,120.1043,north,2020-01-01 01:40:00,false,132.1239,138.356,west,2020-01-01 01:40:00,true,130.4039,84.2357,south,2020-01-01 01:40:00,true,75.2309,92.4889,east,2020-01-01 01:40:00,true
67.2202,77.2733,east,2020-01-01 01:41:00,false,106.4977,92.4108,east,2020-01-01 01:41:00,false,127.5755,55.7863,south,2020-01-01 01:41:00,true,104.316,79.105,east,2020-01-01 01:41:00,false
88.5907,130.4325,south,2020-01-01 01:42:00,false,119.195,113.8697,south,2020-01-01 01:42:00,true,98.8007,75.7072,north,2020-01-01 01:42:00,false,74.7914,92.4934,west,2020-01-01 01:42:00,true
100.0337,80.311,north,2020-01-01 01:43:00,false,97.1878,130.0144,south,2020-01-01 01:43:00,false,165.0672,126.6036,west,2020-01-01 01:43:00,false,79.754,109.5653,south,2020-01-01 01:43:00,false
103.1895,104.6299,south,2020-01-01 01:44:00,true,115.2672,112.0025,south,2020-01-01 01:44:00,true,75.9549,111.8824,west,2020-01-01 01:44:00,false,105.4408,124.8992,west,2020-01-01 01:44:00,true
91.1286,93.721,north,2020-01-01 01:45:00,false,97.7063,114.0682,north,2020-01-01 01:45:00,false,84.1621,57.5565,west,2020-01-01 01:45:00,false,60.6762,115.2767,south,2020-01-01 01:45:00,false
118.0165,80.4544,west,2020-01-01 01:46:00,false,114.225,104.7996,east,2020-01-01 01:46:00,false,78.6888,106.8701,north,2020-01-01 01:46:00,true,124.6037,92.0653,north,2020-01-01 01:46:00,true
147.0024,81.5528,north,2020-01-01 01:47:00,true,101.406,87.5474,north,2020-01-01 01:47:00,true,78.6851,102.549,south,2020-01-01 01:47:00,false,104.9832,97.6645,west,2020-01-01 01:47:00,true
108.8586,136.6927,north,2020-01-01 01:48:00,false,100.3533,91.5222,south,2020-01-01 01:48:00,false,110.4606,71.9006,north,2020-01-01 01:48:00,false,122.9669,115.3971,south,2020-01-01 01:48:00,true
113.0964,67.481,west,2020-01-01 01:49:00,false,147.307,67.6498,east,2020-01-01 01:49:00,false,83.5296,116.9541,north,2020-01-01 01:49:00,false,114.017,96.5477,south,2020-01-01 01:49:00,true
106.3202,97.7558,south,2020-01-01 01:50:00,false,54.7446,98.0883,west,2020-01-01 01:50:00,false,150.5527,117.3977,north,2020-01-01 01:50:00,true,83.5685,102.5243,north,2020-01-01 01:50:00,false
88.288,144.4259,west,2020-01-01 01:51:00,true,158.9065,95.0175,south,2020-01-01 01:51:00,false,91.2271,98.0959,south,2020-01-01 01:51:00,true,142.8856,152.2974,west,2020-01-01 01:51:00,true
76.6879,123.9205,north,2020-01-01 01:52:00,false,122.4987,123.549,north,2020-01-01 01:52:00,true,98.877,113.1203,west,2020-01-01 01:52:00,true,68.2278,102.237,west,2020-01-01 01:52:00,false
84.8494,73.0855,north,2020-01-01 01:53:00,true,95.6203,77.4653,west,2020-01-01 01:53:00,true,147.9295,78.5108,south,2020-01-01 01:53:00,false,91.4572,68.5875,north,2020-01-01 01:53:00,true
137.7013,95.9609,east,2020-01-01 01:54:00,false,86.6837,90.3519,north,2020-01-01 01:54:00,true,120.1603,73.7772,east,2020-01-01 01:54:00,false,105.6511,125.7209,west,2020-01-01 01:54:00,true
83.1169,114.302,north,2020-01-01 01:55:00,false,82.3596,107.4984,west,2020-01-01 01:55:00,true,127.1043,83.9778,north,2020-01-01 01:55:00,false,141.3698,149.2454,west,2020-01-01 01:55:00,false
105.1503,110.2003,south,2020-01-01 01:56:00,false,142.346,110.7292,west,2020-01-01 01:56:00,false,105.0409,90.9235,north,2020-01-01 01:56:00,true,112.8429,122.619,west,2020-01-01 01:56:00,false
95.3895,83.2402,north,2020-01-01 01:57:00,false,111.3548,136.1891,west,2020-01-01 01:57:00,true,112.2044,127.6574,west,2020-01-01 01:57:00,true,87.6289,60.6999,west,2020-01-01 01:57:00,false
108.4305,79.4924,south,2020-01-01 01:58:00,true,95.4965,105.0713,south,2020-01-01 01:58:00,false,100.1501,79.5247,west,2020-01-01 01:58:00,false,42.6466,126.8049,north,2020-01-01 01:58:00,false
83.9672,92.1642,south,2020-01-01 01:59:00,true,117.0427,123.9859,east,2020-01-01 01:59:00,false,112.6043,108.9497,south,2020-01-01 01:59:00,true,158.6576,88.0496,south,2020-01-01 01:59:00,true
120.3167,94.5636,east,2020-01-01 02:00:00,false,106.8988,104.2703,west,2020-01-01 02:00:00,false,68.159,97.6187,south,2020-01-01 02:00:00,true,112.112,31.9707,east,2020-01-01 02:00:00,true
109.441,87.4514,south,2020-01-01 02:01:00,false,101.5132,105.0272,west,2020-01-01 02:01:00,true,47.2491,126.143,east,2020-01-01 02:01:00,true,90.4677,105.4029,west,2020-01-01 02:01:00,false
74.9615,102.6466,north,2020-01-01 02:02:00,true,77.1091,63.6518,south,2020-01-01 02:02:00,false,91.7404,107.7984,east,2020-01-01 02:02:00,false,139.1402,107.2623,north,2020-01-01 02:02:00,false
106.3938,130.3816,east,2020-01-01 02:03:00,true,114.619,76.5741,north,2020-01-01 02:03:00,true,107.2976,98.7279,west,2020-01-01 02:03:00,true,118.9534,70.7279,east,2020-01-01 02:03:00,false
108.1262,114.313,south,2020-01-01 02:04:00,true,108.3553,141.0643,west,2020-01-01 02:04:00,false,128.7235,106.0638,east,2020-01-01 02:04:00,false,91.5978,124.5454,north,2020-01-01 02:04:00,false
90.1803,128.8679,west,2020-01-01 02:05:00,false,92.9815,120.0307,north,2020-01-01 02:05:00,false,137.6626,120.8401,north,2020-01-01 02:05:00,false,90.3162,112.5143,north,2020-01-01 02:05:00,false
129.215,121.3332,north,2020-01-01 02:06:00,true,105.4329,154.2378,east,2020-01-01 02:06:00,true,98.7323,127.7834,south,2020-01-01 02:06:00,true,82.7274,100.0886,north,2020-01-01 02:06:00,false
113.7632,84.427,south,2020-01-01 02:07:00,false,136.8929,135.7856,north,2020-01-01 02:07:00,true,63.5518,109.3843,north,2020-01-01 02:07:00,false,108.077,132.0279,south,2020-01-01 02:07:00,false
97.2165,125.654,south,2020-01-01 02:08:00,true,112.5853,127.431,south,2020-01-01 02:08:00,true,119.3198,77.2073,south,2020-01-01 02:08:00,true,65.6326,104.0887,east,2020-01-01 02:08:00,true
80.2276,70.143,south,2020-01-01 02:09:00,false,98.9521,130.3244,north,2020-01-01 02:09:00,true,115.4484,92.9009,south,2020-01-01 02:09:00,true,86.8993,143.2957,south,2020-01-01 02:09:00,false
124.218,105.8042,south,2020-01-01 02:10:00,true,77.9259,106.2262,east,2020-01-01 02:10:00,false,70.3817,46.0037,west,2020-01-01 02:10:00,false,60.9914,60.7884,west,2020-01-01 02:10:00,true
60.8132,152.5087,north,2020-01-01 02:11:00,false,81.1025,83.6214,south,2020-01-01 02:11:00,false,119.4759,104.521,south,2020-01-01 02:11:00,true,118.2675,57.7935,west,2020-01-01 02:11:00,false
71.2864,75.3674,east,2020-01-01 02:12:00,false,109.7203,94.9986,east,2020-01-01 02:12:00,false,116.969,95.0217,east,2020-01-01 02:12:00,false,137.8982,65.5332,west,2020-01-01 02:12:00,false
75.0975,111.768,north,2020-01-01 02:13:00,false,136.3444,103.7255,east,2020-01-01 02:13:00,false,110.2358,103.6281,south,2020-01-01 02:13:00,false,97.0008,140.6885,west,2020-01-01 02:13:00,true
93.4079,78.0258,south,2020-01-01 02:14:00,true,88.8995,110.2741,west,2020-01-01 02:14:00,false,64.6528,117.6485,east,2020-01-01 02:14:00,true,80.5254,74.6738,north,2020-01-01 02:14:00,false
158.8863,97.6259,north,2020-01-01 02:15:00,false,82.7685,69.5335,east,2020-01-01 02:15:00,true,102.2918,144.4441,south,2020-01-01 02:15:00,false,58.9381,60.0333,north,2020-01-01 02:15:00,true
109.1689,112.4574,south,2020-01-01 02:16:00,false,132.3894,68.1312,south,2020-01-01 02:16:00,false,105.2313,91.1816,west,2020-01-01 02:16:00,false,85.5105,86.129,west,2020-01-01 02:16:00,false
112.4936,127.761,north,2020-01-01 02:17:00,true,69.9821,110.6793,north,2020-01-01 02:17:00,false,82.9793,79.7692,south,2020-01-01 02:17:00,true,148.2701,74.0366,west,2020-01-01 02:17:00,false
131.6569,63.461,west,2020-01-01 02:18:00,true,103.2283,126.0885,north,2020-01-01 02:18:00,false,92.6395,78.3629,east,2020-01-01 02:18:00,true,73.9777,122.2401,east,2020-01-01 02:18:00,true
98.9589,61.2374,west,2020-01-01 02:19:00,true,104.1481,130.2715,east,2020-01-01 02:19:00,false,101.367,84.9782,north,2020-01-01 02:19:00,true,104.7596,74.2301,south,2020-01-01 02:19:00,true
100.7879,104.3475,south,2020-01-01 02:20:00,false,83.7403,53.5767,west,2020-01-01 02:20:00,true,108.2944,98.3209,north,2020-01-01 02:20:00,false,143.1747,101.2341,north,2020-01-01 02:20:00,true
103.7484,111.0843,west,2020-01-01 02:21:00,false,84.173,103.0862,east,2020-01-01 02:21:00,true,86.4825,153.0117,south,2020-01-01 02:21:00,true,80.3563,66.4664,north,2020-01-01 02:21:00,true
106.3321,80.5053,east,2020-01-01 02:22:00,true,64.2282,126.3265,east,2020-01-01 02:22:00,true,76.5244,83.3809,west,2020-01-01 02:22:00,true,109.1959,126.9096,south,2020-01-01 02:22:00,true
93.0245,98.251,west,2020-01-01 02:23:00,true,34.0862,95.8886,west,2020-01-01 02:23:00,false,111.4004,97.05,south,2020-01-01 02:23:00,true,98.4333,125.8112,west,2020-01-01 02:23:00,false
31.5304,98.6554,south,2020-01-01 02:24:00,true,136.6691,85.7795,east,2020-01-01 02:24:00,false,129.9809,114.0986,south,2020-01-01 02:24:00,false,72.9334,92.1985,south,2020-01-01 02:24:00,true
135.7158,51.1174,west,2020-01-01 02:25:00,true,100.7725,106.9999,north,2020-01-01 02:25:00,true,103.6794,137.6526,west,2020-01-01 02:25:00,false,105.1292,88.9335,west,2020-01-01 02:25:00,false
72.539,105.3557,south,2020-01-01 02:26:00,false,101.2987,107.2122,west,2020-01-01 02:26:00,true,122.8824,67.5979,east,2020-01-01 02:26:00,true,79.8437,128.9387,north,2020-01-01 02:26:00,false
108.9249,113.84,north,2020-01-01 02:27:00,false,118.7656,101.148,west,2020-01-01 02:27:00,false,126.5418,91.3818,south,2020-01-01 02:27:00,false,38.4854,104.1949,south,2020-01-01 02:27:00,true
124.4797,120.0081,north,2020-01-01 02:28:00,true,124.0525,79.5845,north,2020-01-01 02:28:00,false,82.3251,119.0144,south,2020-01-01 02:28:00,true,75.3547,85.1288,south,2020-01-01 02:28:00,false
113.0576,89.2443,east,2020-01-01 02:29:00,true,94.9999,54.8633,west,2020-01-01 02:29:00,true,56.2653,97.7657,west,2020-01-01 02:29:00,true,101.8627,76.7833,north,2020-01-01 02:29:00,false
102.147,37.4276,south,2020-01-01 02:30:00,false,67.3348,134.0921,south,2020-01-01 02:30:00,false,114.0506,73.369,south,2020-01-01 02:30:00,true,101.0124,100.2934,north,2020-01-01 02:30:00,false
107.9145,88.4771,east,2020-01-01 02:31:00,false,96.9463,117.2748,north,2020-01-01 02:31:00,true,96.79,125.605,west,2020-01-01 02:31:00,true,71.8227,96.1512,north,2020-01-01 02:31:00,true
104.6805,118.2497,north,2020-01-01 02:32:00,true,75.9845,107.8933,west,2020-01-01 02:32:00,false,157.0381,74.5048,east,2020-01-01 02:32:00,false,72.898,77.4859,north,2020-01-01 02:32:00,false
111.8546,71.5643,south,2020-01-01 02:33:00,false,88.3557,101.3784,south,2020-01-01 02:33:00,true,49.1577,87.1691,south,2020-01-01 02:33:00,true,99.5285,117.8724,west,2020-01-01 02:33:00,false
72.8469,83.6888,south,2020-01-01 02:34:00,false,108.943,140.1973,east,2020-01-01 02:34:00,false,137.5972,115.8821,south,2020-01-01 02:34:00,true,104.0259,109.4886,south,2020-01-01 02:34:00,false
117.7903,92.4337,west,2020-01-01 02:35:00,false,152.5457,92.1608,south,2020-01-01 02:35:00,false,59.5838,104.8521,south,2020-01-01 02:35:00,false,150.6373,130.4985,west,2020-01-01 02:35:00,true
103.243,101.1741,west,2020-01-01 02:36:00,false,120.9346,116.2116,north,2020-01-01 02:36:00,false,109.889,116.2598,north,2020-01-01 02:36:00,true,111.5074,68.6118,west,2020-01-01 02:36:00,true
84.0545,87.5305,east,2020-01-01 02:37:00,false,73.9269,73.4325,east,2020-01-01 02:37:00,false,113.8772,145.5978,east,2020-01-01 02:37:00,true,133.7087,76.4821,west,2020-01-01 02:37:00,false
66.5374,112.5457,west,2020-01-01 02:38:00,false,116.6356,50.4383,east,2020-01-01 02:38:00,false,107.9122,110.0113,north,2020-01-01 02:38:00,true,128.1983,70.7159,west,2020-01-01 02:38:00,true
85.6604,76.6101,south,2020-01-01 02:39:00,true,117.6599,59.484,north,2020-01-01 02:39:00,true,98.4743,87.0271,west,2020-01-01 02:39:00,false,105.6891,140.9301,west,2020-01-01 02:39:00,true
111.3457,108.3032,east,2020-01-01 02:40:00,true,86.0323,82.247,east,2020-01-01 02:40:00,true,133.5137,119.7773,west,2020-01-01 02:40:00,true,92.2109,83.7155,east,2020-01-01 02:40:00,true
31.5904,109.4485,west,2020-01-01 02:41:00,true,120.1084,96.7172,west,2020-01-01 02:41:00,true,110.0926,129.8243,west,2020-01-01 02:41:00,true,155.6826,107.6213,west,2020-01-01 02:41:00,false
76.5246,133.6405,west,2020-01-01 02:42:00,false,85.1682,111.8097,east,2020-01-01 02:42:00,true,59.3462,116.8402,east,2020-01-01 02:42:00,false,125.6188,105.2423,west,2020-01-01 02:42:00,true
86.5912,85.4511,west,2020-01-01 02:43:00,false,93.15,102.3381,north,2020-01-01 02:43:00,true,101.9099,104.0951,north,2020-01-01 02:43:00,true,69.762,90.8809,north,2020-01-01 02:43:00,true
107.7969,117.993,north,2020-01-01 02:44:00,true,114.4211,75.3003,east,2020-01-01 02:44:00,true,89.5635,95.9321,north,2020-01-01 02:44:00,true,87.373,125.903,west,2020-01-01 02:44:00,false
120.7993,85.753,north,2020-01-01 02:45:00,true,98.3662,117.0508,south,2020-01-01 02:45:00,true,94.2182,98.2918,east,2020-01-01 02:45:00,false,115.1168,164.5449,south,2020-01-01 02:45:00,false
109.5069,113.6768,north,2020-01-01 02:46:00,true,106.5803,123.5318,south,2020-01-01 02:46:00,false,102.0587,101.1373,east,2020-01-01 02:46:00,false,112.7731,85.0311,north,2020-01-01 02:46:00,true
124.2388,120.3278,south,2020-01-01 02:47:00,false,128.0029,65.2364,south,2020-01-01 02:47:00,false,92.5991,98.8671,south,2020-01-01 02:47:00,false,114.7961,92.4249,east,2020-01-01 02:47:00,true
143.0401,104.95,north,2020-01-01 02:48:00,true,68.1318,57.8238,south,2020-01-01 02:48:00,true,113.0501,82.5207,south,2020-01-01 02:48:00,false,89.2227,58.4757,east,2020-01-01 02:48:00,false
107.9346,112.7442,west,2020-01-01 02:49:00,false,64.7875,135.9128,south,2020-01-01 02:49:00,false,120.556,141.0323,south,2020-01-01 02:49:00,false,87.6993,81.4539,east,2020-01-01 02:49:00,false
92.9207,99.2576,east,2020-01-01 02:50:00,true,140.4469,130.709,west,2020-01-01 02:50:00,true,112.4668,101.032,south,2020-01-01 02:50:00,false,90.7123,68.035,south,2020-01-01 02:50:00,false
117.0466,84.5563,east,2020-01-01 02:51:00,false,77.4795,90.0474,south,2020-01-01 02:51:00,false,87.0548,99.4811,west,2020-01-01 02:51:00,false,90.1542,102.6429,west,2020-01-01 02:51:00,false
101.4882,68.558,north,2020-01-01 02:52:00,true,100.7126,71.9462,south,2020-01-01 02:52:00,false,120.716,94.4783,east,2020-01-01 02:52:00,false,95.0737,105.1695,east,2020-01-01 02:52:00,false
93.4194,122.7741,south,2020-01-01 02:53:00,true,115.637,122.149,west,2020-01-01 02:53:00,false,82.1639,114.9922,south,2020-01-01 02:53:00,false,47.7035,63.7456,east,2020-01-01 02:53:00,true
89.5762,81.8301,west,2020-01-01 02:54:00,false,106.4627,86.7034,north,2020-01-01 02:54:00,true,96.1535,180.599,east,2020-01-01 02:54:00,false,92.9181,73.4671,west,2020-01-01 02:54:00,false
80.1661,74.3727,north,2020-01-01 02:55:00,true,148.8803,129.9811,south,2020-01-01 02:55:00,true,96.9166,80.5987,west,2020-01-01 02:55:00,true,69.6703,120.5884,west,2020-01-01 02:55:00,false
120.3853,113.1003,east,2020-01-01 02:56:00,true,94.2759,110.8544,north,2020-01-01 02:56:00,false,66.3729,119.3968,south,2020-01-01 02:56:00,false,105.474,114.1123,west,2020-01-01 02:56:00,true
91.3051,91.5185,east,2020-01-01 02:57:00,false,86.1597,104.6812,east,2020-01-01 02:57:00,false,121.842,169.0337,north,2020-01-01 02:57:00,true,137.3251,115.4845,south,2020-01-01 02:57:00,false
105.5918,115.8876,west,2020-01-01 02:58:00,false,93.6625,105.6806,west,2020-01-01 02:58:00,false,170.8258,48.4482,north,2020-01-01 02:58:00,true,88.2652,94.1345,south,2020-01-01 02:58:00,true
124.4333,117.9887,east,2020-01-01 02:59:00,true,93.206,91.7188,north,2020-01-01 02:59:00,false,112.4955,144.0028,east,2020-01-01 02:59:00,true,116.9159,87.5232,north,2020-01-01 02:59:00,true
125.9767,93.5879,south,2020-01-01 03:00:00,false,118.5332,95.8973,west,2020-01-01 03:00:00,true,116.9617,85.0171,east,2020-01-01 03:00:00,true,70.021,129.3793,west,2020-01-01 03:00:00,true
77.9216,122.8768,east,2020-01-01 03:01:00,false,69.4509,93.2117,north,2020-01-01 03:01:00,false,145.6905,115.0295,north,2020-01-01 03:01:00,false,63.2516,81.8841,east,2020-01-01 03:01:00,false
62.8791,98.301,east,2020-01-01 03:02:00,true,126.6852,172.4121,south,2020-01-01 03:02:00,true,96.8373,105.0607,south,2020-01-01 03:02:00,true,97.6426,123.1118,west,2020-01-01 03:02:00,false
137.8323,80.0983,north,2020-01-01 03:03:00,false,86.1987,81.6092,south,2020-01-01 03:03:00,false,61.3792,87.333,west,2020-01-01 03:03:00,false,91.0729,111.2692,east,2020-01-01 03:03:00,false
80.198,97.4965,north,2020-01-01 03:04:00,false,112.0919,116.3622,north,2020-01-01 03:04:00,true,76.1213,146.8375,west,2020-01-01 03:04:00,true,102.4258,86.281,west,2020-01-01 03:04:00,false
77.6926,57.4926,west,2020-01-01 03:05:00,false,117.7257,118.4814,south,2020-01-01 03:05:00,true,78.6896,61.2196,south,2020-01-01 03:05:00,true,96.8444,104.0252,east,2020-01-01 03:05:00,false
124.9559,63.5751,west,2020-01-01 03:06:00,false,84.7718,121.1171,east,2020-01-01 03:06:00,true,113.9292,62.2127,east,2020-01-01 03:06:00,false,129.2118,116.2724,north,2020-01-01 03:06:00,false
108.9263,87.4998,south,2020-01-01 03:07:00,true,122.1094,109.2707,south,2020-01-01 03:07:00,false,167.3052,78.8268,west,2020-01-01 03:07:00,false,124.2321,84.8393,east,2020-01-01 03:07:00,true
95.1194,88.3205,south,2020-01-01 03:08:00,true,90.4931,90.8818,east,2020-01-01 03:08:00,true,36.6841,78.0041,east,2020-01-01 03:08:00,true,119.5992,67.6626,east,2020-01-01 03:08:00,true
78.6065,88.3543,east,2020-01-01 03:09:00,false,101.3278,106.7903,west,2020-01-01 03:09:00,true,85.1268,91.6577,south,2020-01-01 03:09:00,true,131.0726,105.5672,south,2020-01-01 03:09:00,false
106.2132,85.2514,east,2020-01-01 03:10:00,false,86.8999,114.8864,south,2020-01-01 03:10:00,true,105.1321,71.1102,west,2020-01-01 03:10:00,false,66.294,96.0912,west,2020-01-01 03:10:00,false
93.7137,134.2811,north,2020-01-01 03:11:00,true,94.5866,69.5799,north,2020-01-01 03:11:00,false,113.1052,88.2568,north,2020-01-01 03:11:00,false,145.4985,50.3309,south,2020-01-01 03:11:00,true
120.9713,91.5128,east,2020-01-01 03:12:00,true,92.002,117.6959,east,2020-01-01 03:12:00,true,127.001,113.805,west,2020-01-01 03:12:00,true,120.4236,92.0156,east,2020-01-01 03:12:00,true
112.8173,154.885,east,2020-01-01 03:13:00,false,116.8485,114.0514,south,2020-01-01 03:13:00,false,110.4428,96.5542,south,2020-01-01 03:13:00,false,53.053,127.4998,east,2020-01-01 03:13:00,false
83.5458,163.9138,east,2020-01-01 03:14:00,true,76.1086,69.1345,east,2020-01-01 03:14:00,true,82.8594,75.7735,north,2020-01-01 03:14:00,true,96.7194,103.3203,east,2020-01-01 03:14:00,false
94.0245,98.1183,south,2020-01-01 03:15:00,true,96.5467,92.4804,west,2020-01-01 03:15:00,true,80.6017,112.1506,east,2020-01-01 03:15:00,true,95.9391,89.7999,west,2020-01-01 03:15:00,true
104.798,88.4922,south,2020-01-01 03:16:00,false,97.1217,100.7993,west,2020-01-01 03:16:00,false,89.5079,98.6762,east,2020-01-01 03:16:00,true,122.2166,94.2441,east,2020-01-01 03:16:00,false
108.6561,94.5458,south,2020-01-01 03:17:00,true,147.3291,79.7133,west,2020-01-01 03:17:00,false,144.4194,85.2672,east,2020-01-01 03:17:00,false,97.367,67.8118,west,2020-01-01 03:17:00,true
125.0095,104.3031,west,2020-01-01 03:18:00,true,112.043,118.6827,north,2020-01-01 03:18:00,false,95.8909,119.9775,west,2020-01-01 03:18:00,false,111.9996,90.3727,north,2020-01-01 03:18:00,false
92.9812,120.0478,west,2020-01-01 03:19:00,false,53.2656,97.829,south,2020-01-01 03:19:00,true,99.5294,99.4793,west,2020-01-01 03:19:00,false,112.275,125.1103,north,2020-01-01 03:19:00,true
134.0146,103.6497,west,2020-01-01 03:20:00,true,91.2246,73.0973,south,2020-01-01 03:20:00,false,130.2713,65.8524,north,2020-01-01 03:20:00,true,113.1113,116.9684,north,2020-01-01 03:20:00,false
126.1371,104.6624,south,2020-01-01 03:21:00,true,105.4827,93.1333,north,2020-01-01 03:21:00,false,128.5731,109.5064,south,2020-01-01 03:21:00,false,69.1732,119.8543,south,2020-01-01 03:21:00,false
57.485,72.9933,east,2020-01-01 03:22:00,true,77.6937,113.3031,south,2020-01-01 03:22:00,false,66.1089,87.3166,south,2020-01-01 03:22:00,false,108.0099,86.6148,west,2020-01-01 03:22:00,false
84.1024,119.7114,south,2020-01-01 03:23:00,true,100.5473,58.4497,south,2020-01-01 03:23:00,false,123.6632,121.4863,north,2020-01-01 03:23:00,false,104.1567,106.942,north,2020-01-01 03:23:00,false
99.1865,124.511,north,2020-01-01 03:24:00,true,107.3925,86.4571,east,2020-01-01 03:24:00,true,67.3611,79.2091,west,2020-01-01 03:24:00,false,145.1906,105.159,south,2020-01-01 03:24:00,false
108.6946,104.3988,south,2020-01-01 03:25:00,true,95.8212,94.5428,east,2020-01-01 03:25:00,true,65.936,60.7612,south,2020-01-01 03:25:00,false,112.4246,58.7816,east,2020-01-01 03:25:00,false
73.3171,78.1037,east,2020-01-01 03:26:00,true,106.7345,125.3685,west,2020-01-01 03:26:00,false,87.1817,94.3534,south,2020-01-01 03:26:00,false,62.6948,104.6495,north,2020-01-01 03:26:00,false
130.661,130.929,west,2020-01-01 03:27:00,false,101.6707,87.4188,west,2020-01-01 03:27:00,false,116.6189,72.6268,north,2020-01-01 03:27:00,false,107.2239,106.3979,south,2020-01-01 03:27:00,false
77.713,95.7848,south,2020-01-01 03:28:00,false,151.7704,105.4414,north,2020-01-01 03:28:00,true,66.0215,101.87,south,2020-01-01 03:28:00,true,109.1533,109.464,east,2020-01-01 03:28:00,true
95.4915,106.3204,south,2020-01-01 03:29:00,false,93.1488,100.8501,east,2020-01-01 03:29:00,false,92.7676,109.2931,west,2020-01-01 03:29:00,true,140.7085,132.3036,east,2020-01-01 03:29:00,true
85.7778,94.8024,west,2020-01-01 03:30:00,true,98.4101,104.8002,east,2020-01-01 03:30:00,false,116.4775,84.3921,east,2020-01-01 03:30:00,true,110.7962,75.626,west,2020-01-01 03:30:00,false
68.3706,88.7591,north,2020-01-01 03:31:00,false,124.6134,134.9716,east,2020-01-01 03:31:00,true,123.0968,91.1371,east,2020-01-01 03:31:00,false,122.3604,102.41,west,2020-01-01 03:31:00,false
85.2082,68.6367,north,2020-01-01 03:32:00,true,73.7872,122.528,north,2020-01-01 03:32:00,true,113.0193,109.3895,east,2020-01-01 03:32:00,false,98.7826,94.9886,east,2020-01-01 03:32:00,true
89.9592,103.7376,north,2020-01-01 03:33:00,true,67.9524,102.9854,east,2020-01-01 03:33:00,true,89.822,112.6171,south,2020-01-01 03:33:00,true,78.6402,90.8123,north,2020-01-01 03:33:00,true
124.0833,92.8563,west,2020-01-01 03:34:00,true,79.7759,109.9564,south,2020-01-01 03:34:00,false,72.546,101.1055,west,2020-01-01 03:34:00,false,112.9942,115.1496,north,2020-01-01 03:34:00,true
82.0413,127.6683,south,2020-01-01 03:35:00,true,96.1513,71.1498,north,2020-01-01 03:35:00,true,102.6314,71.15,south,2020-01-01 03:35:00,true,79.4561,147.0507,south,2020-01-01 03:35:00,false
115.1161,22.4264,east,2020-01-01 03:36:00,true,90.8383,52.3977,west,2020-01-01 03:36:00,true,114.8103,93.132,north,2020-01-01 03:36:00,true,39.5352,74.4583,south,2020-01-01 03:36:00,false
82.5169,116.8079,north,2020-01-01 03:37:00,false,129.5875,106.1686,north,2020-01-01 03:37:00,true,72.7462,94.2141,north,2020-01-01 03:37:00,true,99.1984,71.6001,north,2020-01-01 03:37:00,true
118.9258,102.3502,south,2020-01-01 03:38:00,true,122.5479,124.1396,north,2020-01-01 03:38:00,false,136.9763,67.5418,east,2020-01-01 03:38:00,false,80.8715,115.6049,west,2020-01-01 03:38:00,false
83.0575,119.0231,west,2020-01-01 03:39:00,false,79.0281,86.6676,east,2020-01-01 03:39:00,false,103.808,84.3852,south,2020-01-01 03:39:00,true,83.1506,106.7237,north,2020-01-01 03:39:00,false
143.8536,110.0808,north,2020-01-01 03:40:00,false,120.1812,121.7623,east,2020-01-01 03:40:00,true,155.9473,71.745,west,2020-01-01 03:40:00,false,108.478,99.8236,east,2020-01-01 03:40:00,true
108.3172,125.7944,north,2020-01-01 03:41:00,true,90.0379,74.2127,east,2020-01-01 03:41:00,true,108.7695,112.5669,west,2020-01-01 03:41:00,false,73.4721,127.3441,north,2020-01-01 03:41:00,false
113.1607,46.5582,west,2020-01-01 03:42:00,true,87.543,102.6269,east,2020-01-01 03:42:00,false,130.1819,133.5736,west,2020-01-01 03:42:00,true,102.1607,37.4368,west,2020-01-01 03:42:00,true
128.0069,138.579,south,2020-01-01 03:43:00,false,157.6146,76.1771,west,2020-01-01 03:43:00,false,103.173,101.8447,west,2020-01-01 03:43:00,false,103.8273,91.7824,north,2020-01-01 03:43:00,false
95.8753,94.4042,east,2020-01-01 03:44:00,false,64.862,85.3568,west,2020-01-01 03:44:00,true,80.037,95.1349,west,2020-01-01 03:44:00,true,81.3012,113.7336,east,2020-01-01 03:44:00,true
120.7605,114.537,south,2020-01-01 03:45:00,false,131.4178,79.1013,south,2020-01-01 03:45:00,true,115.9666,113.0144,west,2020-01-01 03:45:00,false,111.6988,67.9746,south,2020-01-01 03:45:00,true
115.1162,107.5152,west,2020-01-01 03:46:00,true,114.7311,75.389,east,2020-01-01 03:46:00,true,70.8375,75.8653,east,2020-01-01 03:46:00,true,65.1003,95.7888,south,2020-01-01 03:46:00,false
141.825,81.5883,west,2020-01-01 03:47:00,true,103.3194,123.0256,east,2020-01-01 03:47:00,true,82.8692,70.4968,south,2020-01-01 03:47:00,true,96.8603,123.7225,south,2020-01-01 03:47:00,true
91.3903,107.4167,east,2020-01-01 03:48:00,false,108.8497,67.9529,east,2020-01-01 03:48:00,true,97.5321,104.3063,west,2020-01-01 03:48:00,true,133.9434,84.163,north,2020-01-01 03:48:00,false
110.1332,121.518,east,2020-01-01 03:49:00,false,106.158,77.2992,south,2020-01-01 03:49:00,true,85.969,111.1874,south,2020-01-01 03:49:00,false,88.241,94.2843,north,2020-01-01 03:49:00,true
105.3191,79.775,north,2020-01-01 03:50:00,true,93.0125,113.7921,north,2020-01-01 03:50:00,true,85.693,131.3266,east,2020-01-01 03:50:00,true,120.9995,87.0555,west,2020-01-01 03:50:00,true
95.2012,127.5138,east,2020-01-01 03:51:00,false,110.7106,105.022,west,2020-01-01 03:51:00,true,119.005,68.83,west,2020-01-01 03:51:00,false,77.0469,59.849,north,2020-01-01 03:51:00,true
73.9621,116.5057,south,2020-01-01 03:52:00,true,138.3837,95.2889,east,2020-01-01 03:52:00,true,151.6884,144.4953,east,2020-01-01 03:52:00,false,93.5441,78.2345,west,2020-01-01 03:52:00,false
97.522,105.1859,south,2020-01-01 03:53:00,false,110.4672,148.2386,west,2020-01-01 03:53:00,true,110.7993,97.594,east,2020-01-01 03:53:00,true,126.2293,95.6396,north,2020-01-01 03:53:00,false
115.4746,130.5857,west,2020-01-01 03:54:00,false,105.2339,66.3385,west,2020-01-01 03:54:00,true,102.7021,94.0824,east,2020-01-01 03:54:00,true,130.7441,105.099,north,2020-01-01 03:54:00,false
105.0973,158.3883,south,2020-01-01 03:55:00,false,125.5246,56.443,west,2020-01-01 03:55:00,false,80.3568,94.361,west,2020-01-01 03:55:00,true,110.3172,78.9727,north,2020-01-01 03:55:00,true
96.5278,86.9877,south,2020-01-01 03:56:00,true,98.4502,103.7726,west,2020-01-01 03:56:00,false,82.8217,93.7112,west,2020-01-01 03:56:00,true,121.831,91.8623,east,2020-01-01 03:56:00,true
115.8584,103.8895,south,2020-01-01 03:57:00,true,83.3991,98.77,east,2020-01-01 03:57:00,true,132.174,136.9338,east,2020-01-01 03:57:00,true,87.3403,98.1069,west,2020-01-01 03:57:00,false
71.7346,114.937,east,2020-01-01 03:58:00,true,77.5626,124.6282,east,2020-01-01 03:58:00,false,131.1566,89.0421,west,2020-01-01 03:58:00,true,41.049,88.6814,north,2020-01-01 03:58:00,true
82.1397,46.3406,west,2020-01-01 03:59:00,false,103.6962,86.9559,south,2020-01-01 03:59:00,false,94.3446,139.3018,north,2020-01-01 03:59:00,true,123.3307,92.9136,south,2020-01-01 03:59:00,false
80.5309,124.648,east,2020-01-01 04:00:00,true,113.8369,124.7848,east,2020-01-01 04:00:00,false,120.1292,73.1555,north,2020-01-01 04:00:00,true,120.9745,99.3714,north,2020-01-01 04:00:00,false
105.2674,84.8615,north,2020-01-01 04:01:00,true,83.5356,89.9053,west,2020-01-01 04:01:00,true,35.3632,76.0328,north,2020-01-01 04:01:00,true,98.176,100.9252,south,2020-01-01 04:01:00,false
80.7278,63.8947,east,2020-01-01 04:02:00,true,87.3037,50.7605,north,2020-01-01 04:02:00,true,83.6054,134.6789,east,2020-01-01 04:02:00,true,109.5409,87.8158,west,2020-01-01 04:02:00,false
93.2592,112.1439,north,2020-01-01 04:03:00,true,85.3314,58.787,west,2020-01-01 04:03:00,true,78.7095,81.2154,west,2020-01-01 04:03:00,false,148.5361,93.2091,south,2020-01-01 04:03:00,true
85.8402,93.9646,north,2020-01-01 04:04:00,true,111.3036,116.5514,east,2020-01-01 04:04:00,true,68.7278,92.8912,south,2020-01-01 04:04:00,true,103.8251,96.3335,west,2020-01-01 04:04:00,true
130.2259,102.6839,north,2020-01-01 04:05:00,false,91.484,106.4779,west,2020-01-01 04:05:00,false,78.4064,107.0258,south,2020-01-01 04:05:00,false,144.6544,131.1016,west,2020-01-01 04:05:00,false
72.4535,107.6144,north,2020-01-01 04:06:00,false,147.1959,143.993,north,2020-01-01 04:06:00,false,90.9855,95.2061,west,2020-01-01 04:06:00,false,124.9643,93.3631,north,2020-01-01 04:06:00,false
102.3891,63.2845,north,2020-01-01 04:07:00,false,110.2024,109.2812,west,2020-01-01 04:07:00,false,120.2609,112.1704,east,2020-01-01 04:07:00,false,71.2704,118.9173,north,2020-01-01 04:07:00,false
130.2718,98.9067,east,2020-01-01 04:08:00,false,67.724,52.4011,east,2020-01-01 04:08:00,false,99.2668,95.1365,east,2020-01-01 04:08:00,true,95.051,70.9655,south,2020-01-01 04:08:00,false
83.2738,126.3378,east,2020-01-01 04:09:00,true,69.8261,120.8524,north,2020-01-01 04:09:00,false,92.5836,92.2725,east,2020-01-01 04:09:00,true,124.6724,128.5023,south,2020-01-01 04:09:00,true
42.8968,101.8169,south,2020-01-01 04:10:00,false,95.667,139.3854,south,2020-01-01 04:10:00,false,104.1621,109.6994,east,2020-01-01 04:10:00,true,96.9075,106.1451,north,2020-01-01 04:10:00,true
90.1293,110.1353,south,2020-01-01 04:11:00,true,75.8578,44.1557,west,2020-01-01 04:11:00,false,134.2193,81.0312,south,2020-01-01 04:11:00,true,103.9603,111.2791,south,2020-01-01 04:11:00,true
87.3085,83.1228,west,2020-01-01 04:12:00,true,87.4493,130.8374,south,2020-01-01 04:12:00,true,70.6703,90.0009,north,2020-01-01 04:12:00,true,71.2187,123.145,north,2020-01-01 04:12:00,true
110.3733,118.3592,north,2020-01-01 04:13:00,false,109.7052,119.0917,east,2020-01-01 04:13:00,false,94.2832,101.5984,north,2020-01-01 04:13:00,false,130.1733,90.8534,east,2020-01-01 04:13:00,true
110.8148,101.5991,east,2020-01-01 04:14:00,false,118.556,126.2292,west,2020-01-01 04:14:00,true,82.3853,94.4035,north,2020-01-01 04:14:00,true,143.9482,55.4126,east,2020-01-01 04:14:00,false
93.5167,61.6916,west,2020-01-01 04:15:00,false,111.1772,55.94,west,2020-01-01 04:15:00,false,97.8484,108.4056,west,2020-01-01 04:15:00,true,102.6493,75.1733,north,2020-01-01 04:15:00,false
86.4283,82.8644,south,2020-01-01 04:16:00,false,141.4744,57.0568,south,2020-01-01 04:16:00,false,100.0564,110.4682,south,2020-01-01 04:16:00,false,106.817,72.3479,north,2020-01-01 04:16:00,true
60.3021,127.8395,south,2020-01-01 04:17:00,true,108.726,120.9542,north,2020-01-01 04:17:00,false,135.4146,71.9115,east,2020-01-01 04:17:00,true,148.9841,104.5322,south,2020-01-01 04:17:00,false
71.5594,63.8426,north,2020-01-01 04:18:00,false,57.0668,129.7489,west,2020-01-01 04:18:00,false,125.246,85.8559,west,2020-01-01 04:18:00,true,109.8897,127.2072,west,2020-01-01 04:18:00,false
89.8,114.3172,north,2020-01-01 04:19:00,true,90.6518,106.5119,north,2020-01-01 04:19:00,false,68.6833,89.7462,east,2020-01-01 04:19:00,true,92.9739,125.144,north,2020-01-01 04:19:00,false
118.3458,93.4018,east,2020-01-01 04:20:00,true,49.8162,85.7407,east,2020-01-01 04:20:00,true,98.6822,156.9755,east,2020-01-01 04:20:00,false,97.2061,121.1651,south,2020-01-01 04:20:00,false
78.736,94.451,south,2020-01-01 04:21:00,true,110.522,153.4212,west,2020-01-01 04:21:00,true,90.2246,37.4127,east,2020-01-01 04:21:00,false,138.2252,110.8831,north,2020-01-01 04:21:00,true
87.215,111.2945,north,2020-01-01 04:22:00,true,121.5504,115.9246,east,2020-01-01 04:22:00,true,98.2596,136.9555,south,2020-01-01 04:22:00,false,129.6808,139.1662,west,2020-01-01 04:22:00,false
83.2972,79.9586,south,2020-01-01 04:23:00,false,98.5925,108.7246,north,2020-01-01 04:23:00,false,82.1826,76.0431,south,2020-01-01 04:23:00,true,117.1163,118.636,north,2020-01-01 04:23:00,true
90.2032,99.9769,east,2020-01-01 04:24:00,false,85.982,155.8612,east,2020-01-01 04:24:00,false,93.3833,84.6802,south,2020-01-01 04:24:00,true,88.0259,85.5606,north,2020-01-01 04:24:00,false
79.6293,105.0009,south,2020-01-01 04:25:00,true,118.5412,103.0702,north,2020-01-01 04:25:00,false,94.1505,89.7962,east,2020-01-01 04:25:00,true,116.2335,62.5471,east,2020-01-01 04:25:00,true
69.274,70.708,west,2020-01-01 04:26:00,false,66.459,83.9697,south,2020-01-01 04:26:00,false,161.171,74.3084,east,2020-01-01 04:26:00,false,91.0922,96.126,west,2020-01-01 04:26:00,false
58.5583,110.4485,east,2020-01-01 04:27:00,true,83.6143,85.2071,south,2020-01-01 04:27:00,false,105.2941,113.1115,south,2020-01-01 04:27:00,true,106.1397,114.4201,north,2020-01-01 04:27:00,false
56.8506,122.7208,east,2020-01-01 04:28:00,false,91.7865,103.1903,west,2020-01-01 04:28:00,true,87.3192,81.2467,north,2020-01-01 04:28:00,false,70.7386,85.2867,west,2020-01-01 04:28:00,true
126.7477,37.2284,east,2020-01-01 04:29:00,true,123.1734,102.394,east,2020-01-01 04:29:00,true,134.0301,102.5926,east,2020-01-01 04:29:00,true,80.1006,113.7842,south,2020-01-01 04:29:00,true
106.1725,101.6792,south,2020-01-01 04:30:00,true,122.3785,99.6657,east,2020-01-01 04:30:00,false,97.3047,134.4897,east,2020-01-01 04:30:00,false,117.1146,76.5415,north,2020-01-01 04:30:00,true
54.2253,82.1068,north,2020-01-01 04:31:00,false,120.2986,114.039,south,2020-01-01 04:31:00,true,134.401,112.1235,north,2020-01-01 04:31:00,true,112.3857,116.2745,north,2020-01-01 04:31:00,false
108.8519,74.0004,north,2020-01-01 04:32:00,true,81.189,84.9978,north,2020-01-01 04:32:00,false,107.7679,106.043,east,2020-01-01 04:32:00,true,111.5237,105.6505,east,2020-01-01 04:32:00,false
102.6673,118.1769,west,2020-01-01 04:33:00,false,81.7676,85.2202,east,2020-01-01 04:33:00,true,85.8088,85.2757,north,2020-01-01 04:33:00,true,59.8878,98.5581,north,2020-01-01 04:33:00,false
112.3348,94.7635,north,2020-01-01 04:34:00,true,115.9572,123.5973,east,2020-01-01 04:34:00,false,109.9645,104.325,south,2020-01-01 04:34:00,false,132.4378,136.7796,west,2020-01-01 04:34:00,false
116.2074,142.05,south,2020-01-01 04:35:00,false,111.0176,82.8024,north,2020-01-01 04:35:00,true,109.6013,135.646,west,2020-01-01 04:35:00,false,63.9106,97.0265,south,2020-01-01 04:35:00,true
82.2298,90.8149,north,2020-01-01 04:36:00,false,86.1951,83.6491,east,2020-01-01 04:36:00,false,128.495,84.9352,east,2020-01-01 04:36:00,false,88.1317,86.6257,east,2020-01-01 04:36:00,true
133.2763,95.4828,north,2020-01-01 04:37:00,false,109.7556,66.8108,west,2020-01-01 04:37:00,false,58.5554,69.4649,east,2020-01-01 04:37:00,true,89.8518,86.3874,east,2020-01-01 04:37:00,false
93.9447,92.4241,west,2020-01-01 04:38:00,true,89.9263,99.9157,south,2020-01-01 04:38:00,false,90.8011,110.6063,north,2020-01-01 04:38:00,true,106.5421,102.8606,west,2020-01-01 04:38:00,true
118.5773,85.5388,west,2020-01-01 04:39:00,true,105.8621,112.5293,south,2020-01-01 04:39:00,false,110.6466,126.7818,east,2020-01-01 04:39:00,false,111.2869,84.1027,east,2020-01-01 04:39:00,false
82.6994,178.3826,south,2020-01-01 04:40:00,true,82.3941,94.5042,south,2020-01-01 04:40:00,false,71.4082,129.9084,north,2020-01-01 04:40:00,true,77.1884,86.0738,south,2020-01-01 04:40:00,false
94.1143,106.8682,north,2020-01-01 04:41:00,true,86.5832,90.4764,north,2020-01-01 04:41:00,true,107.753,63.4627,east,2020-01-01 04:41:00,false,155.432,105.1484,north,2020-01-01 04:41:00,false
119.2024,115.077,east,2020-01-01 04:42:00,true,80.9295,116.6591,south,2020-01-01 04:42:00,false,108.2961,114.5481,east,2020-01-01 04:42:00,true,69.4556,114.0998,south,2020-01-01 04:42:00,false
61.3173,97.8614,south,2020-01-01 04:43:00,false,90.9695,125.4216,north,2020-01-01 04:43:00,true,115.9166,106.7671,south,2020-01-01 04:43:00,false,92.7442,72.8841,east,2020-01-01 04:43:00,false
122.4519,98.8639,north,2020-01-01 04:44:00,true,94.2992,76.9398,west,2020-01-01 04:44:00,true,109.5957,114.5944,east,2020-01-01 04:44:00,false,104.8573,133.1055,south,2020-01-01 04:44:00,true
95.8143,71.4894,east,2020-01-01 04:45:00,true,136.9636,103.2105,north,2020-01-01 04:45:00,false,126.6352,74.1863,north,2020-01-01 04:45:00,false,106.2244,122.2617,north,2020-01-01 04:45:00,true
34.7873,91.5896,south,2020-01-01 04:46:00,false,99.1386,107.8438,south,2020-01-01 04:46:00,true,132.2864,81.5426,north,2020-01-01 04:46:00,false,114.4073,132.7689,north,2020-01-01 04:46:00,true
122.8258,117.0368,south,2020-01-01 04:47:00,true,98.5092,116.3147,north,2020-01-01 04:47:00,true,137.2509,93.9256,north,2020-01-01 04:47:00,true,68.351,48.0309,west,2020-01-01 04:47:00,false
103.4967,119.11,north,2020-01-01 04:48:00,false,130.1937,74.4143,south,2020-01-01 04:48:00,true,78.5893,119.6271,north,2020-01-01 04:48:00,false,107.5558,81.1488,west,2020-01-01 04:48:00,false
50.276,138.173,east,2020-01-01 04:49:00,true,114.0541,69.3889,south,2020-01-01 04:49:00,true,45.7571,48.4677,north,2020-01-01 04:49:00,false,98.3214,117.4293,west,2020-01-01 04:49:00,false
85.5864,146.6607,east,2020-01-01 04:50:00,false,134.7056,105.2506,south,2020-01-01 04:50:00,true,104.7412,77.9563,north,2020-01-01 04:50:00,false,85.9856,135.5321,north,2020-01-01 04:50:00,true
144.3402,84.5761,east,2020-01-01 04:51:00,true,106.5745,102.2567,north,2020-01-01 04:51:00,false,105.6264,125.8522,west,2020-01-01 04:51:00,true,116.2208,82.2095,south,2020-01-01 04:51:00,true
131.8295,122.6175,east,2020-01-01 04:52:00,false,81.0064,60.4663,east,2020-01-01 04:52:00,true,90.3538,132.3556,south,2020-01-01 04:52:00,true,108.4304,97.2839,north,2020-01-01 04:52:00,true
110.9809,99.0366,east,2020-01-01 04:53:00,false,67.6048,107.9598,east,2020-01-01 04:53:00,false,42.8725,93.5067,north,2020-01-01 04:53:00,true,105.409,124.6845,west,2020-01-01 04:53:00,true
123.818,123.7138,west,2020-01-01 04:54:00,false,113.8867,106.7263,east,2020-01-01 04:54:00,true,113.5889,70.4768,south,2020-01-01 04:54:00,true,111.7502,112.2342,north,2020-01-01 04:54:00,false
79.3208,119.4224,west,2020-01-01 04:55:00,false,117.1106,86.0055,south,2020-01-01 04:55:00,true,75.4563,62.0297,south,2020-01-01 04:55:00,true,95.5332,105.9872,south,2020-01-01 04:55:00,true
136.785,74.0798,north,2020-01-01 04:56:00,false,93.7717,115.0114,west,2020-01-01 04:56:00,true,139.1528,70.3375,south,2020-01-01 04:56:00,true,81.9368,90.3393,west,2020-01-01 04:56:00,false
82.9673,140.4738,north,2020-01-01 04:57:00,false,75.63,129.3097,west,2020-01-01 04:57:00,false,89.1613,116.9077,north,2020-01-01 04:57:00,true,123.4237,69.9128,north,2020-01-01 04:57:00,true
133.2498,95.2183,north,2020-01-01 04:58:00,false,87.0845,79.4536,north,2020-01-01 04:58:00,true,94.9819,118.7807,east,2020-01-01 04:58:00,false,115.9296,127.6204,east,2020-01-01 04:58:00,false
82.9604,104.8973,east,2020-01-01 04:59:00,true,116.5322,95.3772,west,2020-01-01 04:59:00,true,88.7752,84.9887,south,2020-01-01 04:59:00,true,123.8681,53.9132,east,2020-01-01 04:59:00,true
122.7958,101.2041,south,2020-01-01 05:00:00,true,94.5715,138.4782,east,2020-01-01 05:00:00,true,85.6264,96.9996,west,2020-01-01 05:00:00,false,133.4714,105.2211,west,2020-01-01 05:00:00,true
122.5914,119.2973,north,2020-01-01 05:01:00,true,87.428,69.5582,west,2020-01-01 05:01:00,false,143.5356,137.6816,north,2020-01-01 05:01:00,false,80.4406,102.4808,east,2020-01-01 05:01:00,false
65.7875,117.1907,north,2020-01-01 05:02:00,true,126.133,83.9713,east,2020-01-01 05:02:00,false,97.3311,124.661,south,2020-01-01 05:02:00,false,84.2229,83.5594,north,2020-01-01 05:02:00,false
131.013,90.8692,north,2020-01-01 05:03:00,false,158.8364,100.0316,east,2020-01-01 05:03:00,true,82.8887,117.6049,west,2020-01-01 05:03:00,true,103.2275,106.2123,south,2020-01-01 05:03:00,true
143.1119,99.0422,north,2020-01-01 05:04:00,true,110.9962,161.3899,north,2020-01-01 05:04:00,false,81.8884,100.2369,east,2020-01-01 05:04:00,false,91.2959,72.7182,north,2020-01-01 05:04:00,true
81.9464,93.485,east,2020-01-01 05:05:00,false,91.0091,139.9646,north,2020-01-01 05:05:00,false,111.7469,149.1954,east,2020-01-01 05:05:00,true,71.0202,110.404,east,2020-01-01 05:05:00,true
120.8161,86.0658,west,2020-01-01 05:06:00,true,86.6194,45.099,south,2020-01-01 05:06:00,false,106.0497,94.4251,south,2020-01-01 05:06:00,true,82.4235,142.4398,north,2020-01-01 05:06:00,false
80.4577,132.5886,west,2020-01-01 05:07:00,false,149.1007,100.953,west,2020-01-01 05:07:00,true,99.56,112.7683,east,2020-01-01 05:07:00,true,129.3379,88.3739,north,2020-01-01 05:07:00,false
86.3259,86.0498,east,2020-01-01 05:08:00,true,76.1877,59.2317,west,2020-01-01 05:08:00,true,124.5075,49.8977,east,2020-01-01 05:08:00,false,76.8008,105.8297,south,2020-01-01 05:08:00,true
124.8127,93.4392,west,2020-01-01 05:09:00,false,113.3055,120.0674,south,2020-01-01 05:09:00,true,108.0996,54.1429,south,2020-01-01 05:09:00,true,100.1377,115.078,north,2020-01-01 05:09:00,true
78.7891,53.698,west,2020-01-01 05:10:00,false,92.8508,110.9181,west,2020-01-01 05:10:00,true,98.0505,104.6163,north,2020-01-01 05:10:00,false,91.1166,112.877,north,2020-01-01 05:10:00,false
106.2449,85.7735,south,2020-01-01 05:11:00,true,120.1642,68.7421,north,2020-01-01 05:11:00,true,107.2303,94.0321,south,2020-01-01 05:11:00,true,111.6167,99.8849,north,2020-01-01 05:11:00,true
122.3721,154.026,east,2020-01-01 05:12:00,false,136.4595,100.9188,east,2020-01-01 05:12:00,false,135.3012,88.7731,east,2020-01-01 05:12:00,true,133.1702,117.5503,north,2020-01-01 05:12:00,false
83.6104,40.4264,south,2020-01-01 05:13:00,true,109.0878,68.272,south,2020-01-01 05:13:00,false,134.777,68.348,east,2020-01-01 05:13:00,false,111.4891,103.6263,south,2020-01-01 05:13:00,true
94.0753,105.7768,north,2020-01-01 05:14:00,true,109.562,91.3189,north,2020-01-01 05:14:00,true,122.9265,122.1817,south,2020-01-01 05:14:00,true,111.6757,136.3313,south,2020-01-01 05:14:00,true
107.0395,94.5247,east,2020-01-01 05:15:00,true,98.1874,88.8541,north,2020-01-01 05:15:00,true,87.6245,91.9948,north,2020-01-01 05:15:00,true,116.8482,140.1653,south,2020-01-01 05:15:00,false
107.1325,91.5331,west,2020-01-01 05:16:00,true,99.3885,90.8672,south,2020-01-01 05:16:00,true,130.0513,98.9258,north,2020-01-01 05:16:00,false,141.5393,112.9519,east,2020-01-01 05:16:00,false
88.7217,74.7013,east,2020-01-01 05:17:00,true,59.5268,154.0138,north,2020-01-01 05:17:00,false,107.2093,123.3234,south,2020-01-01 05:17:00,false,123.5321,89.5182,south,2020-01-01 05:17:00,false
122.7179,97.1987,north,2020-01-01 05:18:00,false,103.1316,92.2514,west,2020-01-01 05:18:00,true,126.9858,81.892,west,2020-01-01 05:18:00,true,102.4915,102.9153,east,2020-01-01 05:18:00,true
92.2754,107.228,north,2020-01-01 05:19:00,false,123.3915,106.231,north,2020-01-01 05:19:00,true,114.6805,125.1617,east,2020-01-01 05:19:00,false,101.0252,114.3657,east,2020-01-01 05:19:00,true
106.5843,127.2297,west,2020-01-01 05:20:00,false,67.6501,88.3124,south,2020-01-01 05:20:00,false,116.8771,88.8834,west,2020-01-01 05:20:00,true,58.7533,130.3579,south,2020-01-01 05:20:00,true
67.9331,90.2265,west,2020-01-01 05:21:00,true,89.4987,120.9016,west,2020-01-01 05:21:00,false,82.9499,68.8058,south,2020-01-01 05:21:00,true,59.9821,113.4211,west,2020-01-01 05:21:00,false
129.7628,105.8663,north,2020-01-01 05:22:00,true,108.678,83.6571,west,2020-01-01 05:22:00,false,73.1076,82.1002,south,2020-01-01 05:22:00,false,57.2343,77.462,east,2020-01-01 05:22:00,true
75.4305,104.5585,east,2020-01-01 05:23:00,true,114.7223,102.9668,east,2020-01-01 05:23:00,false,89.5665,61.8015,north,2020-01-01 05:23:00,true,124.9255,36.8024,west,2020-01-01 05:23:00,true
80.2548,88.9995,south,2020-01-01 05:24:00,true,105.4237,116.6329,west,2020-01-01 05:24:00,true,67.1941,84.1402,north,2020-01-01 05:24:00,true,128.2429,117.2017,east,2020-01-01 05:24:00,false
96.2256,120.1306,south,2020-01-01 05:25:00,false,70.3822,103.9297,north,2020-01-01 05:25:00,false,103.3649,107.613,south,2020-01-01 05:25:00,false,123.0435,76.0075,north,2020-01-01 05:25:00,false
70.4152,89.5581,north,2020-01-01 05:26:00,false,121.1245,72.6123,north,2020-01-01 05:26:00,false,27.192,107.1685,north,2020-01-01 05:26:00,true,122.5134,116.1049,west,2020-01-01 05:26:00,true
84.2856,124.038,west,2020-01-01 05:27:00,true,86.6017,84.0272,east,2020-01-01 05:27:00,false,109.3982,103.975,west,2020-01-01 05:27:00,false,109.2252,75.2033,north,2020-01-01 05:27:00,false
80.6464,102.912,north,2020-01-01 05:28:00,false,106.1314,70.5208,north,2020-01-01 05:28:00,true,80.8709,107.7606,south,2020-01-01 05:28:00,false,81.6856,105.6164,west,2020-01-01 05:28:00,false
92.3417,90.3601,south,2020-01-01 05:29:00,false,137.0664,125.2672,west,2020-01-01 05:29:00,true,90.5572,120.0677,south,2020-01-01 05:29:00,true,65.2177,128.9653,east,2020-01-01 05:29:00,true
116.2596,54.7938,south,2020-01-01 05:30:00,true,69.5246,61.8487,south,2020-01-01 05:30:00,false,92.9283,93.2782,east,2020-01-01 05:30:00,true,129.3451,110.6694,south,2020-01-01 05:30:00,false
147.8308,69.6038,east,2020-01-01 05:31:00,true,115.4235,130.3495,south,2020-01-01 05:31:00,true,107.3547,113.035,west,2020-01-01 05:31:00,false,76.8938,83.8227,east,2020-01-01 05:31:00,true
74.1436,97.6014,north,2020-01-01 05:32:00,false,106.2356,87.8895,west,2020-01-01 05:32:00,false,83.2868,85.4399,north,2020-01-01 05:32:00,true,99.8153,99.8896,north,2020-01-01 05:32:00,false
68.7985,93.6697,south,2020-01-01 05:33:00,false,73.8112,83.3017,west,2020-01-01 05:33:00,true,84.3868,72.6495,east,2020-01-01 05:33:00,false,81.1426,71.8113,north,2020-01-01 05:33:00,false
129.7611,108.9072,west,2020-01-01 05:34:00,true,91.1186,102.9881,west,2020-01-01 05:34:00,false,34.8527,115.171,east,2020-01-01 05:34:00,false,91.2624,92.6031,west,2020-01-01 05:34:00,false
94.4271,93.5652,east,2020-01-01 05:35:00,false,141.621,93.478,west,2020-01-01 05:35:00,true,65.9083,61.2587,west,2020-01-01 05:35:00,false,127.4836,57.2514,north,2020-01-01 05:35:00,false
108.6661,103.4784,south,2020-01-01 05:36:00,false,134.0555,138.118,east,2020-01-01 05:36:00,true,61.3878,124.4019,north,2020-01-01 05:36:00,false,108.7398,145.5854,north,2020-01-01 05:36:00,true
118.5039,109.2574,south,2020-01-01 05:37:00,true,91.2701,101.7997,south,2020-01-01 05:37:00,true,145.6224,114.523,north,2020-01-01 05:37:00,false,104.7655,107.9212,east,2020-01-01 05:37:00,true
84.0962,91.3673,west,2020-01-01 05:38:00,true,95.2743,113.2542,west,2020-01-01 05:38:00,true,104.9951,68.804,north,2020-01-01 05:38:00,false,88.5757,100.5827,south,2020-01-01 05:38:00,false
115.9285,116.0345,north,2020-01-01 05:39:00,true,94.7632,86.4566,east,2020-01-01 05:39:00,false,102.2338,86.6449,south,2020-01-01 05:39:00,true,78.3395,142.1283,south,2020-01-01 05:39:00,true
106.5827,106.0659,west,2020-01-01 05:40:00,false,83.8485,121.1352,south,2020-01-01 05:40:00,true,84.3291,62.6202,west,2020-01-01 05:40:00,true,83.2617,115.3269,west,2020-01-01 05:40:00,true
61.5263,78.4442,east,2020-01-01 05:41:00,false,108.6654,97.0218,east,2020-01-01 05:41:00,true,73.1926,109.8056,south,2020-01-01 05:41:00,false,103.0088,109.2042,west,2020-01-01 05:41:00,false
41.4587,90.686,west,2020-01-01 05:42:00,false,62.8992,99.4226,west,2020-01-01 05:42:00,false,65.9433,67.0584,south,2020-01-01 05:42:00,true,108.5667,86.0249,west,2020-01-01 05:42:00,true
86.846,68.0132,east,2020-01-01 05:43:00,false,70.176,104.5876,west,2020-01-01 05:43:00,false,59.2225,70.7523,south,2020-01-01 05:43:00,true,80.6929,108.1648,west,2020-01-01 05:43:00,true
139.5103,119.8549,west,2020-01-01 05:44:00,false,157.1291,76.6248,east,2020-01-01 05:44:00,true,101.638,77.1202,east,2020-01-01 05:44:00,false,138.3386,87.3728,south,2020-01-01 05:44:00,false
96.2119,150.4666,north,2020-01-01 05:45:00,true,43.2842,122.2655,west,2020-01-01 05:45:00,false,76.9104,107.2964,west,2020-01-01 05:45:00,false,65.6048,80.8019,east,2020-01-01 05:45:00,false
77.1745,64.505,east,2020-01-01 05:46:00,true,122.5642,83.0933,south,2020-01-01 05:46:00,false,85.8583,57.1828,north,2020-01-01 05:46:00,false,34.5212,87.1629,east,2020-01-01 05:46:00,true
118.0208,74.8851,east,2020-01-01 05:47:00,false,105.3365,88.9343,south,2020-01-01 05:47:00,false,64.3072,101.6643,north,2020-01-01 05:47:00,true,105.1029,89.0096,east,2020-01-01 05:47:00,false
146.3244,165.177,south,2020-01-01 05:48:00,false,89.4016,149.3809,south,2020-01-01 05:48:00,true,86.3207,125.1762,west,2020-01-01 05:48:00,false,129.4718,81.579,south,2020-01-01 05:48:00,false
50.0022,91.9863,south,2020-01-01 05:49:00,false,108.7854,165.6334,west,2020-01-01 05:49:00,true,99.9922,89.0553,east,2020-01-01 05:49:00,false,75.6401,136.7239,south,2020-01-01 05:49:00,true
103.6126,108.9935,east,2020-01-01 05:50:00,true,89.0203,98.1446,north,2020-01-01 05:50:00,true,44.2368,108.9897,east,2020-01-01 05:50:00,false,157.5444,118.9029,south,2020-01-01 05:50:00,false
72.1896,131.0301,east,2020-01-01 05:51:00,false,113.2014,112.6628,north,2020-01-01 05:51:00,false,70.5982,97.3754,west,2020-01-01 05:51:00,true,105.3019,107.2649,north,2020-01-01 05:51:00,false
111.2809,64.8365,west,2020-01-01 05:52:00,false,114.9655,81.3041,north,2020-01-01 05:52:00,true,109.9498,48.2267,south,2020-01-01 05:52:00,false,59.1033,95.0809,north,2020-01-01 05:52:00,true
91.4564,109.4895,west,2020-01-01 05:53:00,false,115.2483,125.2895,south,2020-01-01 05:53:00,true,117.8727,96.5981,south,2020-01-01 05:53:00,false,100.5847,107.6524,south,2020-01-01 05:53:00,true
110.1057,65.6642,south,2020-01-01 05:54:00,true,93.1533,102.5788,west,2020-01-01 05:54:00,false,111.3311,139.8913,west,2020-01-01 05:54:00,false,110.2703,78.7544,west,2020-01-01 05:54:00,false
89.0205,108.0473,north,2020-01-01 05:55:00,true,102.4403,100.3838,south,2020-01-01 05:55:00,false,116.2613,104.9863,south,2020-01-01 05:55:00,true,70.2386,90.6529,north,2020-01-01 05:55:00,true
99.4457,78.7591,north,2020-01-01 05:56:00,false,106.6849,110.6146,north,2020-01-01 05:56:00,true,76.4035,85.5115,north,2020-01-01 05:56:00,true,117.7844,88.9465,north,2020-01-01 05:56:00,false
76.9694,137.6435,east,2020-01-01 05:57:00,false,120.5343,96.2862,east,2020-01-01 05:57:00,false,130.7203,86.7637,east,2020-01-01 05:57:00,false,109.2833,64.6946,north,2020-01-01 05:57:00,false
114.9372,131.326,east,2020-01-01 05:58:00,false,115.2968,94.4584,south,2020-01-01 05:58:00,true,111.4763,100.6936,south,2020-01-01 05:58:00,true,158.5577,125.2927,west,2020-01-01 05:58:00,false
83.4206,107.6718,south,2020-01-01 05:59:00,false,62.9025,79.3559,west,2020-01-01 05:59:00,false,129.6441,93.1341,east,2020-01-01 05:59:00,true,99.7607,122.0615,north,2020-01-01 05:59:00,false
95.5527,81.0117,south,2020-01-01 06:00:00,true,97.8201,119.8917,south,2020-01-01 06:00:00,true,105.6391,85.626,north,2020-01-01 06:00:00,false,54.7852,42.921,east,2020-01-01 06:00:00,true
56.7783,99.0314,west,2020-01-01 06:01:00,true,127.6565,92.4257,west,2020-01-01 06:01:00,false,123.1462,66.3663,south,2020-01-01 06:01:00,false,85.1366,96.7393,east,2020-01-01 06:01:00,false
127.7857,114.5172,east,2020-01-01 06:02:00,false,126.9878,55.7627,north,2020-01-01 06:02:00,false,74.1608,63.0367,south,2020-01-01 06:02:00,true,154.9258,114.0709,north,2020-01-01 06:02:00,false
112.7477,96.1723,south,2020-01-01 06:03:00,true,84.1407,128.1708,south,2020-01-01 06:03:00,false,97.9833,111.1074,south,2020-01-01 06:03:00,false,89.7705,121.5451,south,2020-01-01 06:03:00,false
139.1385,93.7318,north,2020-01-01 06:04:00,false,59.3615,96.2008,east,2020-01-01 06:04:00,false,41.839,129.1909,south,2020-01-01 06:04:00,true,111.889,86.9075,west,2020-01-01 06:04:00,false
84.2991,80.0523,north,2020-01-01 06:05:00,false,100.3682,98.799,south,2020-01-01 06:05:00,false,116.1671,83.7477,east,2020-01-01 06:05:00,true,147.5237,70.109,west,2020-01-01 06:05:00,true
137.2423,111.5667,south,2020-01-01 06:06:00,false,97.9403,138.1171,west,2020-01-01 06:06:00,true,104.9785,101.1159,north,2020-01-01 06:06:00,false,87.2767,108.549,south,2020-01-01 06:06:00,false
84.9283,126.4373,north,2020-01-01 06:07:00,true,115.8836,137.1292,north,2020-01-01 06:07:00,true,123.0066,101.1881,north,2020-01-01 06:07:00,false,80.4269,102.9541,north,2020-01-01 06:07:00,false
74.0107,110.2091,west,2020-01-01 06:08:00,false,77.4808,101.6908,east,2020-01-01 06:08:00,true,89.4485,132.6133,west,2020-01-01 06:08:00,false,69.3014,98.0633,north,2020-01-01 06:08:00,true
81.4132,98.1232,south,2020-01-01 06:09:00,true,111.0379,131.2869,north,2020-01-01 06:09:00,false,112.8054,67.2952,south,2020-01-01 06:09:00,true,72.3777,119.8374,west,2020-01-01 06:09:00,true
131.0614,84.9739,east,2020-01-01 06:10:00,false,117.0194,104.2449,north,2020-01-01 06:10:00,true,115.7387,96.3814,south,2020-01-01 06:10:00,false,85.2766,61.8317,west,2020-01-01 06:10:00,true
75.4753,113.9178,north,2020-01-01 06:11:00,true,85.5423,83.1786,west,2020-01-01 06:11:00,false,85.1369,133.3418,west,2020-01-01 06:11:00,false,109.8908,145.5568,south,2020-01-01 06:11:00,false
86.9746,66.2431,south,2020-01-01 06:12:00,false,82.2782,97.6583,east,2020-01-01 06:12:00,true,111.8382,152.1286,south,2020-01-01 06:12:00,true,59.1612,96.0748,south,2020-01-01 06:12:00,true
81.72,75.3251,east,2020-01-01 06:13:00,false,98.9651,99.9458,east,2020-01-01 06:13:00,true,85.7842,108.5066,south,2020-01-01 06:13:00,true,103.2314,90.3605,east,2020-01-01 06:13:00,false
73.0244,83.3129,east,2020-01-01 06:14:00,true,60.8863,91.4905,east,2020-01-01 06:14:00,true,123.2612,91.9078,south,2020-01-01 06:14:00,true,139.9262,110.1408,east,2020-01-01 06:14:00,false
92.3468,125.1629,east,2020-01-01 06:15:00,false,108.1845,83.7618,east,2020-01-01 06:15:00,true,138.4986,115.2846,south,2020-01-01 06:15:00,false,83.5747,73.1337,east,2020-01-01 06:15:00,false
87.2509,96.1425,north,2020-01-01 06:16:00,true,107.3512,88.0049,west,2020-01-01 06:16:00,false,134.8105,102.38,south,2020-01-01 06:16:00,true,104.3401,93.6632,south,2020-01-01 06:16:00,true
102.5116,73.9576,east,2020-01-01 06:17:00,false,91.7425,84.5112,north,2020-01-01 06:17:00,false,88.003,116.1897,east,2020-01-01 06:17:00,true,72.5525,142.0108,south,2020-01-01 06:17:00,false
101.5931,59.9994,west,2020-01-01 06:18:00,false,77.8494,62.5679,west,2020-01-01 06:18:00,true,124.1741,80.2223,west,2020-01-01 06:18:00,false,115.0849,55.2086,north,2020-01-01 06:18:00,true
94.0604,84.4492,west,2020-01-01 06:19:00,true,108.978,68.5315,east,2020-01-01 06:19:00,false,96.6583,146.0023,south,2020-01-01 06:19:00,true,99.7542,57.8783,north,2020-01-01 06:19:00,true
91.8198,104.978,north,2020-01-01 06:20:00,true,79.3142,99.8899,north,2020-01-01 06:20:00,true,141.5653,90.0939,north,2020-01-01 06:20:00,false,111.3073,61.1002,west,2020-01-01 06:20:00,false
95.8558,60.7188,north,2020-01-01 06:21:00,false,78.7729,52.6568,south,2020-01-01 06:21:00,false,115.8594,86.2056,west,2020-01-01 06:21:00,true,84.9124,99.34,south,2020-01-01 06:21:00,false
77.9008,149.986,north,2020-01-01 06:22:00,true,107.2644,118.8126,south,2020-01-01 06:22:00,false,100.2344,75.2731,north,2020-01-01 06:22:00,false,106.5527,74.627,north,2020-01-01 06:22:00,false
98.862,102.1602,north,2020-01-01 06:23:00,false,91.7369,148.8185,west,2020-01-01 06:23:00,false,83.6408,78.8975,south,2020-01-01 06:23:00,false,86.2435,71.1243,west,2020-01-01 06:23:00,true
54.5856,115.4322,south,2020-01-01 06:24:00,true,84.7642,123.7428,west,2020-01-01 06:24:00,true,121.8385,74.6751,west,2020-01-01 06:24:00,false,127.0063,45.9012,west,2020-01-01 06:24:00,true
126.6543,90.0974,east,2020-01-01 06:25:00,true,96.9621,62.1349,north,2020-01-01 06:25:00,true,102.5061,87.428,south,2020-01-01 06:25:00,false,109.9122,57.1202,south,2020-01-01 06:25:00,true
63.1067,115.0996,east,2020-01-01 06:26:00,false,97.0128,93.422,north,2020-01-01 06:26:00,false,91.8959,84.4132,north,2020-01-01 06:26:00,true,90.0091,66.5535,east,2020-01-01 06:26:00,true
84.4584,113.5305,west,2020-01-01 06:27:00,true,134.1024,140.3341,north,2020-01-01 06:27:00,true,62.0898,92.9775,south,2020-01-01 06:27:00,false,141.7328,75.7956,east,2020-01-01 06:27:00,false
91.2999,104.0599,west,2020-01-01 06:28:00,true,74.3108,143.5384,east,2020-01-01 06:28:00,false,117.6119,113.015,north,2020-01-01 06:28:00,true,60.0027,92.2417,west,2020-01-01 06:28:00,true
93.0734,71.3005,north,2020-01-01 06:29:00,false,101.1631,71.7431,north,2020-01-01 06:29:00,false,57.5937,88.9892,east,2020-01-01 06:29:00,false,87.5259,78.3742,east,2020-01-01 06:29:00,true
87.5607,69.5266,west,2020-01-01 06:30:00,true,78.2663,83.1085,east,2020-01-01 06:30:00,true,116.1794,106.4076,west,2020-01-01 06:30:00,true,109.6715,102.7963,east,2020-01-01 06:30:00,false
77.1696,82.5065,west,2020-01-01 06:31:00,false,104.7909,73.3906,north,2020-01-01 06:31:00,false,90.9963,106.8845,east,2020-01-01 06:31:00,true,106.7356,98.7688,east,2020-01-01 06:31:00,true
64.0918,128.3475,south,2020-01-01 06:32:00,true,116.9997,82.5496,west,2020-01-01 06:32:00,false,102.8724,77.5847,south,2020-01-01 06:32:00,true,130.8093,121.1077,north,2020-01-01 06:32:00,false
133.5183,115.4407,east,2020-01-01 06:33:00,true,50.6544,93.3416,north,2020-01-01 06:33:00,true,83.332,102.4457,south,2020-01-01 06:33:00,false,148.2848,155.8494,north,2020-01-01 06:33:00,false
58.8543,91.1506,east,2020-01-01 06:34:00,false,45.5978,149.3993,south,2020-01-01 06:34:00,false,78.738,90.8868,north,2020-01-01 06:34:00,false,78.6219,65.8902,south,2020-01-01 06:34:00,true
107.516,97.5704,east,2020-01-01 06:35:00,false,106.3349,116.8255,south,2020-01-01 06:35:00,true,85.8423,128.7452,east,2020-01-01 06:35:00,true,124.0409,101.1685,west,2020-01-01 06:35:00,false
105.1173,116.7912,west,2020-01-01 06:36:00,true,100.0118,122.5741,west,2020-01-01 06:36:00,false,76.1539,68.8753,north,2020-01-01 06:36:00,true,114.888,112.2389,east,2020-01-01 06:36:00,true
108.692,126.1664,north,2020-01-01 06:37:00,false,71.839,111.0779,west,2020-01-01 06:37:00,true,103.7672,121.1753,south,2020-01-01 06:37:00,false,105.9141,79.0663,south,2020-01-01 06:37:00,false
103.638,83.0236,west,2020-01-01 06:38:00,true,98.6979,94.8207,south,2020-01-01 06:38:00,true,78.6058,143.5355,south,2020-01-01 06:38:00,false,101.2995,117.1917,north,2020-01-01 06:38:00,true
88.6457,99.3884,north,2020-01-01 06:39:00,false,94.9545,108.6117,east,2020-01-01 06:39:00,false,168.1637,91.5738,west,2020-01-01 06:39:00,false,129.9253,93.5981,north,2020-01-01 06:39:00,true
126.8466,105.8795,south,2020-01-01 06:40:00,false,101.0273,121.3054,east,2020-01-01 06:40:00,true,86.6193,160.7597,south,2020-01-01 06:40:00,true,78.2746,118.4897,west,2020-01-01 06:40:00,true
105.2547,93.4325,east,2020-01-01 06:41:00,true,154.071,85.1966,south,2020-01-01 06:41:00,true,40.7295,114.6294,north,2020-01-01 06:41:00,true,65.9589,98.0269,north,2020-01-01 06:41:00,true
126.0069,102.1415,west,2020-01-01 06:42:00,false,153.0755,107.2123,south,2020-01-01 06:42:00,true,134.7678,85.4927,north,2020-01-01 06:42:00,false,121.5423,93.4853,east,2020-01-01 06:42:00,false
95.396,115.4453,south,2020-01-01 06:43:00,false,102.1516,90.073,east,2020-01-01 06:43:00,true,110.0577,91.6027,west,2020-01-01 06:43:00,true,58.7666,127.6355,north,2020-01-01 06:43:00,true
86.5389,100.9042,west,2020-01-01 06:44:00,false,69.5948,97.989,west,2020-01-01 06:44:00,true,117.3318,155.2685,north,2020-01-01 06:44:00,true,75.4392,90.8335,north,2020-01-01 06:44:00,true
67.6663,126.9645,north,2020-01-01 06:45:00,false,121.3368,99.9271,east,2020-01-01 06:45:00,false,97.8045,132.7235,west,2020-01-01 06:45:00,true,93.0972,116.0101,south,2020-01-01 06:45:00,true
121.2131,103.2397,east,2020-01-01 06:46:00,false,126.425,108.6184,west,2020-01-01 06:46:00,true,112.0397,84.1688,west,2020-01-01 06:46:00,true,155.9392,37.6126,north,2020-01-01 06:46:00,false
98.6257,81.3184,north,2020-01-01 06:47:00,true,82.5943,85.8194,north,2020-01-01 06:47:00,false,126.3928,93.9892,north,2020-01-01 06:47:00,true,106.64,91.3339,east,2020-01-01 06:47:00,false
70.3001,60.5437,north,2020-01-01 06:48:00,false,97.2766,113.6022,north,2020-01-01 06:48:00,true,116.6802,96.2059,east,2020-01-01 06:48:00,false,95.672,64.6403,north,2020-01-01 06:48:00,true
121.857,104.3539,west,2020-01-01 06:49:00,false,145.6816,72.4334,west,2020-01-01 06:49:00,false,81.0398,115.6873,west,2020-01-01 06:49:00,true,131.0141,121.4492,north,2020-01-01 06:49:00,false
119.8797,63.0047,west,2020-01-01 06:50:00,false,103.1344,72.118,south,2020-01-01 06:50:00,false,120.7663,117.1629,north,2020-01-01 06:50:00,false,131.9309,131.0349,north,2020-01-01 06:50:00,false
141.4384,65.6256,west,2020-01-01 06:51:00,true,128.7977,75.7306,east,2020-01-01 06:51:00,false,70.7485,75.0309,west,2020-01-01 06:51:00,false,100.1118,85.9356,north,2020-01-01 06:51:00,true
95.6291,67.2315,west,2020-01-01 06:52:00,true,116.6375,61.5805,north,2020-01-01 06:52:00,false,131.1835,73.4664,west,2020-01-01 06:52:00,true,52.178,96.65,west,2020-01-01 06:52:00,true
85.5782,50.1795,east,2020-01-01 06:53:00,true,63.9296,70.1999,south,2020-01-01 06:53:00,false,74.2428,102.302,east,2020-01-01 06:53:00,true,146.3723,69.9311,east,2020-01-01 06:53:00,false
99.8206,77.0618,east,2020-01-01 06:54:00,false,61.9004,98.1873,west,2020-01-01 06:54:00,true,112.9261,110.7082,south,2020-01-01 06:54:00,true,126.3336,121.4276,north,2020-01-01 06:54:00,true
126.4007,83.1927,south,2020-01-01 06:55:00,false,118.1388,54.7592,north,2020-01-01 06:55:00,true,126.123,125.2972,east,2020-01-01 06:55:00,false,169.7015,115.2227,west,2020-01-01 06:55:00,true
133.723,113.6732,north,2020-01-01 06:56:00,true,89.8553,98.3692,north,2020-01-01 06:56:00,true,64.7596,134.433,east,2020-01-01 06:56:00,false,83.9454,87.5224,south,2020-01-01 06:56:00,false
99.8069,59.0699,east,2020-01-01 06:57:00,true,89.4559,71.6735,east,2020-01-01 06:57:00,false,119.9662,108.1918,west,2020-01-01 06:57:00,false,90.0538,117.6982,north,2020-01-01 06:57:00,false
94.0931,132.1641,south,2020-01-01 06:58:00,true,87.5486,98.0553,south,2020-01-01 06:58:00,true,75.6774,83.4059,east,2020-01-01 06:58:00,true,144.1861,93.4144,west,2020-01-01 06:58:00,true
105.7949,106.0618,east,2020-01-01 06:59:00,true,116.3727,99.4628,north,2020-01-01 06:59:00,true,132.9444,89.4099,south,2020-01-01 06:59:00,false,87.7863,122.3863,east,2020-01-01 06:59:00,false
97.3657,104.1152,south,2020-01-01 07:00:00,true,103.9471,77.6691,east,2020-01-01 07:00:00,true,87.0462,107.2895,west,2020-01-01 07:00:00,true,94.0412,111.638,west,2020-01-01 07:00:00,false
97.919,91.461,east,2020-01-01 07:01:00,false,61.0151,113.128,north,2020-01-01 07:01:00,true,100.7109,58.1858,north,2020-01-01 07:01:00,false,102.8104,110.3969,north,2020-01-01 07:01:00,false
92.0669,104.5718,south,2020-01-01 07:02:00,false,93.3371,83.698,west,2020-01-01 07:02:00,true,129.1703,111.6101,north,2020-01-01 07:02:00,false,108.8953,105.8654,south,2020-01-01 07:02:00,false
91.8928,126.4014,south,2020-01-01 07:03:00,false,86.4806,113.6337,south,2020-01-01 07:03:00,true,92.4512,69.9427,north,2020-01-01 07:03:00,false,81.0623,109.1875,south,2020-01-01 07:03:00,true
104.6844,123.0194,south,2020-01-01 07:04:00,false,140.4751,60.6257,west,2020-01-01 07:04:00,true,120.4735,99.1449,east,2020-01-01 07:04:00,true,123.8058,92.9531,south,2020-01-01 07:04:00,true
164.8828,101.3619,west,2020-01-01 07:05:00,false,65.5543,102.5376,north,2020-01-01 07:05:00,false,104.1351,138.303,east,2020-01-01 07:05:00,true,73.7708,121.1358,west,2020-01-01 07:05:00,false
116.8633,87.8657,north,2020-01-01 07:06:00,true,106.7731,90.0322,east,2020-01-01 07:06:00,false,114.0248,69.5356,west,2020-01-01 07:06:00,false,133.9017,109.8991,west,2020-01-01 07:06:00,false
90.6181,130.3103,west,2020-01-01 07:07:00,true,105.8305,55.6995,east,2020-01-01 07:07:00,false,98.4066,74.7431,east,2020-01-01 07:07:00,true,86.6424,106.8691,north,2020-01-01 07:07:00,false
56.6104,72.5727,west,2020-01-01 07:08:00,true,131.0357,105.1112,west,2020-01-01 07:08:00,true,124.1469,81.0366,north,2020-01-01 07:08:00,false,81.6737,101.2509,east,2020-01-01 07:08:00,true
114.0177,185.5797,south,2020-01-01 07:09:00,false,137.8636,81.12,south,2020-01-01 07:09:00,true,60.6073,116.0288,west,2020-01-01 07:09:00,true,125.3006,80.5322,north,2020-01-01 07:09:00,true
99.4811,122.2675,east,2020-01-01 07:10:00,true,65.8194,97.6113,west,2020-01-01 07:10:00,true,109.4537,92.9887,south,2020-01-01 07:10:00,false,84.0742,80.2748,north,2020-01-01 07:10:00,false
144.2228,108.4107,south,2020-01-01 07:11:00,false,91.5217,63.9011,south,2020-01-01 07:11:00,false,100.3922,74.7231,south,2020-01-01 07:11:00,false,75.4101,93.744,south,2020-01-01 07:11:00,false
117.3198,117.5701,west,2020-01-01 07:12:00,false,102.8332,98.465,east,2020-01-01 07:12:00,false,138.331,106.3861,north,2020-01-01 07:12:00,true,110.3617,98.5897,east,2020-01-01 07:12:00,true
70.8348,101.8076,north,2020-01-01 07:13:00,true,136.6955,112.761,west,2020-01-01 07:13:00,true,75.9643,119.6782,north,2020-01-01 07:13:00,false,107.5009,119.7071,west,2020-01-01 07:13:00,true
129.7694,129.4741,east,2020-01-01 07:14:00,false,81.4249,150.4669,east,2020-01-01 07:14:00,true,60.1694,77.2732,south,2020-01-01 07:14:00,false,117.7058,130.9212,west,2020-01-01 07:14:00,true
61.3958,129.2718,south,2020-01-01 07:15:00,false,111.5315,105.034,south,2020-01-01 07:15:00,false,128.7935,107.3708,south,2020-01-01 07:15:00,false,100.4096,146.5429,west,2020-01-01 07:15:00,false
128.1997,123.4606,west,2020-01-01 07:16:00,true,96.6157,118.4005,south,2020-01-01 07:16:00,true,64.3401,79.6712,west,2020-01-01 07:16:00,false,93.4934,84.9181,west,2020-01-01 07:16:00,true
80.9765,99.6587,east,2020-01-01 07:17:00,false,88.8295,89.1694,south,2020-01-01 07:17:00,false,84.6676,112.3812,east,2020-01-01 07:17:00,true,112.81,77.6765,north,2020-01-01 07:17:00,true
128.3619,90.4332,north,2020-01-01 07:18:00,false,55.1385,97.5725,east,2020-01-01 07:18:00,true,53.8868,95.449,south,2020-01-01 07:18:00,false,132.9415,153.517,west,2020-01-01 07:18:00,true
123.7473,100.4296,east,2020-01-01 07:19:00,true,134.6506,117.6296,east,2020-01-01 07:19:00,true,110.2039,113.74,east,2020-01-01 07:19:00,false,144.1329,94.2524,north,2020-01-01 07:19:00,true
124.687,108.8905,south,2020-01-01 07:20:00,false,130.5083,83.7936,east,2020-01-01 07:20:00,true,118.7292,122.6849,north,2020-01-01 07:20:00,true,119.7928,117.4538,south,2020-01-01 07:20:00,true
76.339,46.6015,north,2020-01-01 07:21:00,true,125.3778,86.5742,east,2020-01-01 07:21:00,true,89.7911,121.3739,west,2020-01-01 07:21:00,false,110.5372,96.4267,south,2020-01-01 07:21:00,true
124.8222,105.5614,east,2020-01-01 07:22:00,true,102.1865,139.0583,east,2020-01-01 07:22:00,true,125.4474,76.1366,east,2020-01-01 07:22:00,false,92.4987,99.4412,east,2020-01-01 07:22:00,true
90.9221,122.9868,south,2020-01-01 07:23:00,false,90.4345,90.142,north,2020-01-01 07:23:00,false,104.9298,110.1754,north,2020-01-01 07:23:00,false,83.8303,80.9926,west,2020-01-01 07:23:00,true
120.2521,104.3318,west,2020-01-01 07:24:00,true,75.3069,137.3534,east,2020-01-01 07:24:00,true,159.1788,90.2424,south,2020-01-01 07:24:00,false,112.3595,176.9502,east,2020-01-01 07:24:00,false
109.4849,82.1864,north,2020-01-01 07:25:00,false,132.6617,142.6228,north,2020-01-01 07:25:00,true,62.999,102.3947,east,2020-01-01 07:25:00,false,119.1127,160.0724,south,2020-01-01 07:25:00,false
118.1573,56.4439,east,2020-01-01 07:26:00,false,107.8933,90.9604,west,2020-01-01 07:26:00,true,104.84,105.6277,south,2020-01-01 07:26:00,false,69.2759,82.5325,east,2020-01-01 07:26:00,true
57.783,110.7799,east,2020-01-01 07:27:00,true,67.3906,84.8978,south,2020-01-01 07:27:00,false,88.9052,110.3151,west,2020-01-01 07:27:00,true,68.9811,131.0372,east,2020-01-01 07:27:00,true
119.1409,127.7134,east,2020-01-01 07:28:00,true,95.6554,100.2035,west,2020-01-01 07:28:00,false,97.4673,94.762,west,2020-01-01 07:28:00,true,122.7174,87.2528,east,2020-01-01 07:28:00,false
117.6218,103.1096,north,2020-01-01 07:29:00,true,72.8574,63.8396,east,2020-01-01 07:29:00,true,134.4404,98.3976,south,2020-01-01 07:29:00,false,115.6982,94.8291,west,2020-01-01 07:29:00,false
184.5349,120.2994,south,2020-01-01 07:30:00,false,98.4348,121.6719,east,2020-01-01 07:30:00,true,76.1136,80.843,north,2020-01-01 07:30:00,false,121.1213,104.0133,north,2020-01-01 07:30:00,false
118.2908,137.4972,west,2020-01-01 07:31:00,true,130.5229,102.026,north,2020-01-01 07:31:00,true,108.3254,118.1762,south,2020-01-01 07:31:00,true,91.9407,96.2278,east,2020-01-01 07:31:00,false
116.1647,60.1147,west,2020-01-01 07:32:00,false,115.6583,113.403,west,2020-01-01 07:32:00,true,96.3591,129.8482,south,2020-01-01 07:32:00,false,117.0154,104.6968,east,2020-01-01 07:32:00,false
96.1878,132.9826,east,2020-01-01 07:33:00,true,88.5999,79.4136,south,2020-01-01 07:33:00,false,91.1525,88.5654,north,2020-01-01 07:33:00,true,75.4505,72.3531,south,2020-01-01 07:33:00,false
103.1507,74.0836,east,2020-01-01 07:34:00,false,94.9194,76.2667,west,2020-01-01 07:34:00,true,78.0401,135.4149,west,2020-01-01 07:34:00,false,80.8768,95.3728,east,2020-01-01 07:34:00,false
115.412,93.5965,north,2020-01-01 07:35:00,true,93.7529,79.8633,east,2020-01-01 07:35:00,true,94.121,146.1849,west,2020-01-01 07:35:00,false,93.1825,147.4963,west,2020-01-01 07:35:00,true
147.972,82.5298,east,2020-01-01 07:36:00,true,105.4622,124.0946,north,2020-01-01 07:36:00,false,77.0661,69.8205,south,2020-01-01 07:36:00,false,84.6003,94.7566,south,2020-01-01 07:36:00,false
109.7323,116.7808,north,2020-01-01 07:37:00,false,77.0209,166.6326,south,2020-01-01 07:37:00,true,62.4072,64.9433,east,2020-01-01 07:37:00,true,66.2052,91.6776,west,2020-01-01 07:37:00,false
86.8106,87.6827,west,2020-01-01 07:38:00,true,139.8777,127.7393,south,2020-01-01 07:38:00,false,105.9351,54.0122,east,2020-01-01 07:38:00,true,96.0978,131.3381,south,2020-01-01 07:38:00,true
71.4242,137.6552,south,2020-01-01 07:39:00,false,89.5352,112.7897,east,2020-01-01 07:39:00,false,110.1862,93.7445,west,2020-01-01 07:39:00,false,106.3765,76.6841,south,2020-01-01 07:39:00,false
133.0262,81.3644,west,2020-01-01 07:40:00,false,160.3297,67.54,north,2020-01-01 07:40:00,false,139.8449,126.6708,west,2020-01-01 07:40:00,false,92.9417,112.9393,west,2020-01-01 07:40:00,true
94.1372,72.7491,north,2020-01-01 07:41:00,true,77.0065,107.8158,west,2020-01-01 07:41:00,true,79.3338,99.1449,south,2020-01-01 07:41:00,true,128.7087,49.8734,east,2020-01-01 07:41:00,false
100.3316,107.2046,north,2020-01-01 07:42:00,true,149.9316,134.3901,west,2020-01-01 07:42:00,true,108.5295,114.5288,north,2020-01-01 07:42:00,true,91.4727,129.8449,east,2020-01-01 07:42:00,true
81.0455,114.7126,east,2020-01-01 07:43:00,true,112.076,92.1778,north,2020-01-01 07:43:00,false,19.9146,77.0897,east,2020-01-01 07:43:00,true,102.0799,73.465,west,2020-01-01 07:43:00,false
71.7549,100.4714,north,2020-01-01 07:44:00,true,134.0219,114.1662,west,2020-01-01 07:44:00,true,76.4653,123.23,south,2020-01-01 07:44:00,false,104.9199,85.8494,south,2020-01-01 07:44:00,true
77.5537,93.4554,east,2020-01-01 07:45:00,true,100.0568,103.5282,north,2020-01-01 07:45:00,false,133.9995,105.5311,east,2020-01-01 07:45:00,false,163.5827,110.0197,west,2020-01-01 07:45:00,false
85.8241,70.4936,east,2020-01-01 07:46:00,true,100.0594,96.8393,east,2020-01-01 07:46:00,true,124.6785,88.5789,north,2020-01-01 07:46:00,false,94.202,90.3545,west,2020-01-01 07:46:00,false
106.6815,79.7266,south,2020-01-01 07:47:00,true,96.6217,80.3899,north,2020-01-01 07:47:00,true,124.9891,124.7403,east,2020-01-01 07:47:00,true,92.4671,129.4915,north,2020-01-01 07:47:00,true
92.8389,86.7966,east,2020-01-01 07:48:00,true,114.9147,142.4672,west,2020-01-01 07:48:00,false,145.8071,89.0235,east,2020-01-01 07:48:00,true,92.0515,101.7277,north,2020-01-01 07:48:00,false
92.1976,88.6925,west,2020-01-01 07:49:00,true,106.9313,81.0076,west,2020-01-01 07:49:00,true,107.1183,105.0663,east,2020-01-01 07:49:00,false,103.4839,101.7248,west,2020-01-01 07:49:00,true
127.9663,102.0606,west,2020-01-01 07:50:00,false,100.5529,108.0779,north,2020-01-01 07:50:00,false,26.604,73.2619,west,2020-01-01 07:50:00,false,106.4741,137.2032,east,2020-01-01 07:50:00,false
100.2346,117.4402,east,2020-01-01 07:51:00,true,63.9718,75.4037,west,2020-01-01 07:51:00,true,170.2982,83.8479,west,2020-01-01 07:51:00,true,120.8431,98.5254,south,2020-01-01 07:51:00,false
79.3381,77.974,south,2020-01-01 07:52:00,false,72.4536,103.4584,east,2020-01-01 07:52:00,false,140.9674,103.9373,south,2020-01-01 07:52:00,true,60.8871,121.3466,south,2020-01-01 07:52:00,true
96.1935,108.768,east,2020-01-01 07:53:00,true,99.8829,75.1366,north,2020-01-01 07:53:00,true,133.0117,134.8094,east,2020-01-01 07:53:00,false,46.4458,113.9493,east,2020-01-01 07:53:00,true
86.562,81.9436,south,2020-01-01 07:54:00,true,71.5526,86.1185,south,2020-01-01 07:54:00,false,81.5914,110.125,west,2020-01-01 07:54:00,true,132.9878,137.3589,south,2020-01-01 07:54:00,false
155.7134,118.8291,east,2020-01-01 07:55:00,false,106.5639,90.6135,north,2020-01-01 07:55:00,false,101.1545,75.4033,west,2020-01-01 07:55:00,false,122.2993,141.5147,west,2020-01-01 07:55:00,true
101.1523,111.8166,south,2020-01-01 07:56:00,false,75.4834,54.5618,east,2020-01-01 07:56:00,true,161.8626,87.5725,north,2020-01-01 07:56:00,false,69.8379,82.9022,west,2020-01-01 07:56:00,true
133.394,116.8743,south,2020-01-01 07:57:00,false,103.2923,73.3834,south,2020-01-01 07:57:00,false,123.2415,83.7146,south,2020-01-01 07:57:00,true,104.7447,71.7772,north,2020-01-01 07:57:00,true
94.7651,64.3476,east,2020-01-01 07:58:00,false,136.9536,125.2341,north,2020-01-01 07:58:00,false,101.4623,66.9468,north,2020-01-01 07:58:00,false,60.8214,101.6443,east,2020-01-01 07:58:00,true
91.5651,93.947,south,2020-01-01 07:59:00,false,89.183,98.8922,east,2020-01-01 07:59:00,false,89.9317,112.0875,south,2020-01-01 07:59:00,false,105.7635,107.9309,south,2020-01-01 07:59:00,false
92.3349,65.3647,east,2020-01-01 08:00:00,false,86.7677,95.6195,south,2020-01-01 08:00:00,false,113.1879,108.4556,west,2020-01-01 08:00:00,false,133.3857,94.8981,south,2020-01-01 08:00:00,true
99.797,105.8753,north,2020-01-01 08:01:00,true,71.905,140.3247,north,2020-01-01 08:01:00,true,97.5507,127.925,west,2020-01-01 08:01:00,true,121.2268,21.4812,south,2020-01-01 08:01:00,true
104.372,124.971,west,2020-01-01 08:02:00,true,132.6037,87.6456,west,2020-01-01 08:02:00,true,122.8978,165.92,south,2020-01-01 08:02:00,true,73.106,123.7817,south,2020-01-01 08:02:00,true
94.9286,116.7429,south,2020-01-01 08:03:00,false,68.9306,49.9918,north,2020-01-01 08:03:00,true,95.5227,61.1249,east,2020-01-01 08:03:00,true,93.2017,114.1352,west,2020-01-01 08:03:00,false
113.9452,126.5803,south,2020-01-01 08:04:00,false,131.9643,118.4243,west,2020-01-01 08:04:00,false,81.0619,93.2852,south,2020-01-01 08:04:00,true,56.8531,106.5591,west,2020-01-01 08:04:00,false
118.0755,97.0416,south,2020-01-01 08:05:00,false,91.1814,63.4274,south,2020-01-01 08:05:00,false,87.0584,85.2953,west,2020-01-01 08:05:00,false,93.1085,68.4715,south,2020-01-01 08:05:00,true
121.775,146.0893,north,2020-01-01 08:06:00,false,126.0518,104.3896,west,2020-01-01 08:06:00,false,119.2072,92.2689,north,2020-01-01 08:06:00,false,99.861,124.2335,west,2020-01-01 08:06:00,true
139.947,128.7162,west,2020-01-01 08:07:00,false,96.0354,135.4646,south,2020-01-01 08:07:00,true,76.9858,87.1472,east,2020-01-01 08:07:00,true,131.8768,142.4836,north,2020-01-01 08:07:00,true
98.1397,86.9904,north,2020-01-01 08:08:00,false,133.2899,114.9249,south,2020-01-01 08:08:00,true,100.2442,103.6866,south,2020-01-01 08:08:00,true,115.5672,105.7806,north,2020-01-01 08:08:00,true
86.1393,127.9506,east,2020-01-01 08:09:00,false,40.4632,132.8303,north,2020-01-01 08:09:00,false,97.5731,91.7165,north,2020-01-01 08:09:00,false,77.7247,96.0386,north,2020-01-01 08:09:00,false
112.9355,132.4156,south,2020-01-01 08:10:00,false,88.9584,117.2889,west,2020-01-01 08:10:00,true,106.567,113.6884,west,2020-01-01 08:10:00,true,83.8417,91.0035,west,2020-01-01 08:10:00,true
115.5702,121.8375,west,2020-01-01 08:11:00,false,100.8364,110.7281,south,2020-01-01 08:11:00,true,87.928,89.7255,west,2020-01-01 08:11:00,true,53.3187,110.094,east,2020-01-01 08:11:00,false
113.8901,73.3408,west,2020-01-01 08:12:00,true,90.0934,98.2827,east,2020-01-01 08:12:00,true,163.8056,128.6757,north,2020-01-01 08:12:00,false,103.4171,131.4078,west,2020-01-01 08:12:00,false
94.7844,88.5699,west,2020-01-01 08:13:00,true,98.8475,103.271,west,2020-01-01 08:13:00,true,122.6127,157.3905,west,2020-01-01 08:13:00,false,114.833,71.1481,west,2020-01-01 08:13:00,true
136.4916,129.8662,south,2020-01-01 08:14:00,true,100.9987,122.7869,west,2020-01-01 08:14:00,false,122.3159,64.3323,south,2020-01-01 08:14:00,true,99.9573,106.2386,west,2020-01-01 08:14:00,true
103.2908,113.3373,north,2020-01-01 08:15:00,false,84.9579,106.171,north,2020-01-01 08:15:00,false,92.3861,140.2329,north,2020-01-01 08:15:00,true,56.2638,126.0249,north,2020-01-01 08:15:00,true
135.0651,157.4595,east,2020-01-01 08:16:00,true,122.6498,94.625,east,2020-01-01 08:16:00,true,100.6832,83.3478,south,2020-01-01 08:16:00,false,111.3459,93.1248,west,2020-01-01 08:16:00,false
87.1754,97.5713,south,2020-01-01 08:17:00,true,72.8744,115.422,east,2020-01-01 08:17:00,true,65.1397,79.3543,west,2020-01-01 08:17:00,true,90.004,126.2164,east,2020-01-01 08:17:00,true
121.5978,71.6741,west,2020-01-01 08:18:00,true,87.073,119.0381,west,2020-01-01 08:18:00,false,112.7966,56.409,south,2020-01-01 08:18:00,true,73.4872,103.6897,south,2020-01-01 08:18:00,true
36.8387,86.6652,east,2020-01-01 08:19:00,false,92.4429,100.9915,north,2020-01-01 08:19:00,false,105.5091,114.9575,east,2020-01-01 08:19:00,false,98.6695,75.5259,south,2020-01-01 08:19:00,false
78.5038,76.2752,south,2020-01-01 08:20:00,false,97.5215,131.4401,north,2020-01-01 08:20:00,false,88.2124,130.7684,south,2020-01-01 08:20:00,true,88.3053,99.329,west,2020-01-01 08:20:00,true
63.2889,74.8595,west,2020-01-01 08:21:00,false,63.2757,91.9361,south,2020-01-01 08:21:00,false,95.615,95.8231,west,2020-01-01 08:21:00,false,102.579,120.2511,north,2020-01-01 08:21:00,true
75.092,81.7346,south,2020-01-01 08:22:00,true,63.8319,89.5302,east,2020-01-01 08:22:00,true,67.6641,97.9418,south,2020-01-01 08:22:00,true,95.5414,137.4674,west,2020-01-01 08:22:00,false
83.0613,93.3236,east,2020-01-01 08:23:00,true,115.6765,110.6474,north,2020-01-01 08:23:00,false,114.925,120.9563,south,2020-01-01 08:23:00,false,75.1227,127.5579,east,2020-01-01 08:23:00,true
74.0261,96.0739,east,2020-01-01 08:24:00,false,120.4397,87.7826,west,2020-01-01 08:24:00,true,87.2568,120.4156,west,2020-01-01 08:24:00,true,60.992,83.9247,north,2020-01-01 08:24:00,false
111.624,123.9935,south,2020-01-01 08:25:00,true,154.4123,83.8057,south,2020-01-01 08:25:00,false,77.725,84.5765,north,2020-01-01 08:25:00,false,106.587,135.0387,north,2020-01-01 08:25:00,false
105.8855,82.8952,west,2020-01-01 08:26:00,false,93.7184,91.6687,east,2020-01-01 08:26:00,false,108.2362,123.7729,north,2020-01-01 08:26:00,true,61.715,141.0987,west,2020-01-01 08:26:00,false
90.5506,122.5199,west,2020-01-01 08:27:00,false,135.5119,93.963,east,2020-01-01 08:27:00,true,89.6887,136.5292,south,2020-01-01 08:27:00,true,71.8807,99.998,east,2020-01-01 08:27:00,true
77.4386,73.9189,west,2020-01-01 08:28:00,false,119.8583,63.867,east,2020-01-01 08:28:00,true,99.8723,90.0443,west,2020-01-01 08:28:00,false,117.6582,90.8445,west,2020-01-01 08:28:00,true
106.8924,99.3235,west,2020-01-01 08:29:00,true,85.4104,92.4202,south,2020-01-01 08:29:00,false,102.2752,149.7953,south,2020-01-01 08:29:00,false,125.8297,128.7746,south,2020-01-01 08:29:00,false
116.3376,79.6766,north,2020-01-01 08:30:00,true,119.1852,103.6186,east,2020-01-01 08:30:00,true,121.2122,104.5553,west,2020-01-01 08:30:00,false,134.6789,78.9499,east,2020-01-01 08:30:00,false
36.714,79.917,east,2020-01-01 08:31:00,false,105.4501,153.6909,west,2020-01-01 08:31:00,false,89.7721,141.7624,west,2020-01-01 08:31:00,true,113.1924,53.8743,north,2020-01-01 08:31:00,false
109.3632,78.3146,east,2020-01-01 08:32:00,false,118.6477,90.1729,south,2020-01-01 08:32:00,true,100.709,113.1642,north,2020-01-01 08:32:00,false,149.3537,95.9647,east,2020-01-01 08:32:00,true
84.2496,73.6762,east,2020-01-01 08:33:00,true,153.1041,109.4682,west,2020-01-01 08:33:00,false,109.6096,96.7029,west,2020-01-01 08:33:00,true,81.1512,112.6236,west,2020-01-01 08:33:00,true
106.4499,102.2051,west,2020-01-01 08:34:00,true,67.096,79.6708,north,2020-01-01 08:34:00,true,80.1045,140.5746,south,2020-01-01 08:34:00,false,96.3811,68.4216,west,2020-01-01 08:34:00,true
73.3017,69.0398,east,2020-01-01 08:35:00,false,105.3808,100.4239,north,2020-01-01 08:35:00,false,105.7351,116.3978,north,2020-01-01 08:35:00,false,122.6039,134.5713,north,2020-01-01 08:35:00,false
99.8419,118.6551,north,2020-01-01 08:36:00,false,67.3873,77.8447,south,2020-01-01 08:36:00,true,100.3817,101.7778,west,2020-01-01 08:36:00,false,58.1495,97.7533,north,2020-01-01 08:36:00,true
102.719,97.0479,south,2020-01-01 08:37:00,false,151.6467,112.5389,east,2020-01-01 08:37:00,false,79.8675,125.8207,south,2020-01-01 08:37:00,true,109.8895,116.5896,west,2020-01-01 08:37:00,true
69.4505,96.8982,south,2020-01-01 08:38:00,true,112.7433,161.0356,east,2020-01-01 08:38:00,false,118.5103,51.1524,north,2020-01-01 08:38:00,false,110.9942,82.5512,north,2020-01-01 08:38:00,true
150.5368,99.3861,west,2020-01-01 08:39:00,true,110.4457,52.7083,west,2020-01-01 08:39:00,true,130.2572,119.9531,east,2020-01-01 08:39:00,true,109.899,111.6007,south,2020-01-01 08:39:00,true
113.3634,135.9822,west,2020-01-01 08:40:00,false,86.77,95.5857,south,2020-01-01 08:40:00,true,107.5503,153.3335,west,2020-01-01 08:40:00,true,88.5801,102.2569,south,2020-01-01 08:40:00,false
122.1851,88.247,south,2020-01-01 08:41:00,true,148.9986,121.2879,north,2020-01-01 08:41:00,true,45.7745,111.6306,east,2020-01-01 08:41:00,false,97.0691,122.3118,south,2020-01-01 08:41:00,false
89.3175,139.787,north,2020-01-01 08:42:00,true,113.3062,137.1927,south,2020-01-01 08:42:00,false,86.2636,100.5419,south,2020-01-01 08:42:00,false,114.1312,86.4789,south,2020-01-01 08:42:00,false
132.9775,88.9164,south,2020-01-01 08:43:00,false,55.6094,101.2415,east,2020-01-01 08:43:00,true,117.6555,120.9234,north,2020-01-01 08:43:00,true,97.5686,70.6838,south,2020-01-01 08:43:00,false
138.1831,109.2316,north,2020-01-01 08:44:00,true,79.984,91.0762,south,2020-01-01 08:44:00,true,98.1747,120.1367,north,2020-01-01 08:44:00,false,87.2815,92.9896,south,2020-01-01 08:44:00,true
124.2195,99.9952,south,2020-01-01 08:45:00,false,82.1276,100.9845,south,2020-01-01 08:45:00,true,109.1414,131.02,east,2020-01-01 08:45:00,false,79.1911,96.8523,south,2020-01-01 08:45:00,false
101.2759,146.4433,south,2020-01-01 08:46:00,true,126.0706,127.7005,east,2020-01-01 08:46:00,true,114.7517,98.9893,south,2020-01-01 08:46:00,false,109.8804,127.597,east,2020-01-01 08:46:00,true
131.2266,94.8421,west,2020-01-01 08:47:00,false,73.5954,117.468,north,2020-01-01 08:47:00,true,75.7128,101.7507,east,2020-01-01 08:47:00,true,73.7947,116.19,east,2020-01-01 08:47:00,true
109.1204,94.6798,west,2020-01-01 08:48:00,false,51.7651,73.5965,west,2020-01-01 08:48:00,false,128.3398,109.8983,north,2020-01-01 08:48:00,false,127.9812,80.0707,west,2020-01-01 08:48:00,true
62.6776,88.2972,south,2020-01-01 08:49:00,true,125.7529,134.4746,east,2020-01-01 08:49:00,true,97.9875,100.5475,north,2020-01-01 08:49:00,false,78.095,131.7638,west,2020-01-01 08:49:00,false
103.9916,125.4282,east,2020-01-01 08:50:00,false,77.4117,29.257,north,2020-01-01 08:50:00,false,88.9044,95.5053,south,2020-01-01 08:50:00,true,100.9614,79.2405,west,2020-01-01 08:50:00,false
95.8171,93.4171,east,2020-01-01 08:51:00,false,136.3679,106.5876,south,2020-01-01 08:51:00,true,95.4986,84.9046,south,2020-01-01 08:51:00,false,121.9688,135.064,south,2020-01-01 08:51:00,false
58.7153,112.0088,south,2020-01-01 08:52:00,false,92.0409,157.9619,west,2020-01-01 08:52:00,true,151.2844,79.3188,south,2020-01-01 08:52:00,true,102.3231,52.0137,south,2020-01-01 08:52:00,false
120.1616,131.2932,west,2020-01-01 08:53:00,true,108.929,59.5601,west,2020-01-01 08:53:00,false,95.9964,130.0586,east,2020-01-01 08:53:00,false,67.8378,60.6352,west,2020-01-01 08:53:00,false
89.0706,91.3838,north,2020-01-01 08:54:00,true,88.5729,155.9369,west,2020-01-01 08:54:00,true,116.3513,72.6582,south,2020-01-01 08:54:00,false,79.6628,87.0396,north,2020-01-01 08:54:00,true
88.7667,115.6686,east,2020-01-01 08:55:00,false,90.8767,128.1626,north,2020-01-01 08:55:00,true,51.4228,117.1072,east,2020-01-01 08:55:00,false,54.4601,148.7343,north,2020-01-01 08:55:00,true
113.9518,102.0554,west,2020-01-01 08:56:00,false,91.0442,104.8812,west,2020-01-01 08:56:00,false,65.3108,127.2159,west,2020-01-01 08:56:00,true,94.1282,114.9734,south,2020-01-01 08:56:00,true
116.9473,106.565,south,2020-01-01 08:57:00,false,125.05,94.1577,east,2020-01-01 08:57:00,false,68.7177,119.8399,south,2020-01-01 08:57:00,false,75.2337,98.7387,east,2020-01-01 08:57:00,false
77.0712,99.0147,west,2020-01-01 08:58:00,false,62.0583,129.8309,east,2020-01-01 08:58:00,false,58.66,56.5146,east,2020-01-01 08:58:00,false,117.6422,80.4291,east,2020-01-01 08:58:00,false
93.2216,71.4929,west,2020-01-01 08:59:00,false,99.1065,131.7605,west,2020-01-01 08:59:00,false,88.5967,72.5097,west,2020-01-01 08:59:00,true,139.0148,83.6157,east,2020-01-01 08:59:00,true
100.6755,111.4984,north,2020-01-01 09:00:00,false,87.6886,116.4835,west,2020-01-01 09:00:00,true,75.6435,83.0185,east,2020-01-01 09:00:00,true,101.4414,68.9521,south,2020-01-01 09:00:00,true
92.4553,121.3845,west,2020-01-01 09:01:00,false,72.3166,144.1274,south,2020-01-01 09:01:00,true,69.6637,144.1887,north,2020-01-01 09:01:00,false,74.1435,123.5822,west,2020-01-01 09:01:00,false
133.8817,98.7525,west,2020-01-01 09:02:00,false,122.3507,84.6598,south,2020-01-01 09:02:00,false,65.2925,116.4527,west,2020-01-01 09:02:00,true,164.5302,49.0727,west,2020-01-01 09:02:00,true
82.4781,72.0119,north,2020-01-01 09:03:00,true,129.7506,100.219,east,2020-01-01 09:03:00,false,105.7407,116.1308,south,2020-01-01 09:03:00,false,57.9269,103.0453,east,2020-01-01 09:03:00,false
110.9362,97.9199,south,2020-01-01 09:04:00,true,105.6093,99.4319,north,2020-01-01 09:04:00,false,47.8061,129.1199,east,2020-01-01 09:04:00,false,45.5336,112.7369,north,2020-01-01 09:04:00,true
102.3697,85.4097,east,2020-01-01 09:05:00,false,78.4964,123.2881,south,2020-01-01 09:05:00,false,99.5926,112.6974,east,2020-01-01 09:05:00,false,115.3671,102.779,west,2020-01-01 09:05:00,false
122.6888,132.9014,west,2020-01-01 09:06:00,true,88.2864,146.8184,south,2020-01-01 09:06:00,true,114.1157,43.9942,north,2020-01-01 09:06:00,false,138.458,106.7736,north,2020-01-01 09:06:00,true
154.0164,120.7336,west,2020-01-01 09:07:00,false,155.0267,122.8846,south,2020-01-01 09:07:00,false,76.4405,80.5731,west,2020-01-01 09:07:00,false,105.4739,132.9404,south,2020-01-01 09:07:00,true
87.5945,87.5664,north,2020-01-01 09:08:00,true,63.2481,99.5658,east,2020-01-01 09:08:00,false,123.4222,129.8946,east,2020-01-01 09:08:00,true,130.4418,99.832,north,2020-01-01 09:08:00,true
141.9226,94.9452,east,2020-01-01 09:09:00,false,99.0422,121.2387,west,2020-01-01 09:09:00,true,116.8151,80.3964,north,2020-01-01 09:09:00,true,108.6266,86.3308,south,2020-01-01 09:09:00,false
85.0269,98.5511,south,2020-01-01 09:10:00,false,72.425,86.5076,south,2020-01-01 09:10:00,false,125.9865,67.2838,south,2020-01-01 09:10:00,true,100.9986,116.8076,east,2020-01-01 09:10:00,true
130.6297,72.3796,south,2020-01-01 09:11:00,false,85.962,102.3903,east,2020-01-01 09:11:00,true,94.0406,75.9757,west,2020-01-01 09:11:00,true,97.5168,121.6668,south,2020-01-01 09:11:00,true
135.3281,154.8462,south,2020-01-01 09:12:00,true,81.1395,85.4594,west,2020-01-01 09:12:00,true,99.9138,116.1361,north,2020-01-01 09:12:00,true,116.5644,132.9345,north,2020-01-01 09:12:00,false
101.0384,107.6739,north,2020-01-01 09:13:00,true,105.4991,85.0181,north,2020-01-01 09:13:00,false,79.5893,119.3004,west,2020-01-01 09:13:00,true,121.0891,68.982,south,2020-01-01 09:13:00,true
57.2229,105.8405,south,2020-01-01 09:14:00,false,101.3392,88.8234,north,2020-01-01 09:14:00,true,87.9506,112.9687,west,2020-01-01 09:14:00,true,70.551,117.38,east,2020-01-01 09:14:00,true
92.1032,117.0828,west,2020-01-01 09:15:00,false,56.7107,119.8365,north,2020-01-01 09:15:00,false,71.4374,124.845,south,2020-01-01 09:15:00,false,131.6411,70.9791,west,2020-01-01 09:15:00,false
101.8572,85.7437,north,2020-01-01 09:16:00,true,83.0832,114.0198,south,2020-01-01 09:16:00,true,119.2482,60.7413,north,2020-01-01 09:16:00,true,92.2102,137.583,west,2020-01-01 09:16:00,false
112.6588,82.0994,north,2020-01-01 09:17:00,false,102.7617,110.7617,west,2020-01-01 09:17:00,true,112.5227,93.3837,west,2020-01-01 09:17:00,false,112.0975,123.4055,north,2020-01-01 09:17:00,false
57.5977,107.8718,south,2020-01-01 09:18:00,true,111.8173,135.5548,south,2020-01-01 09:18:00,false,103.9032,114.4152,north,2020-01-01 09:18:00,true,76.8797,90.974,east,2020-01-01 09:18:00,false
94.7826,102.7503,north,2020-01-01 09:19:00,true,96.767,69.2274,west,2020-01-01 09:19:00,false,125.3359,111.1937,west,2020-01-01 09:19:00,true,95.9352,90.1037,south,2020-01-01 09:19:00,true
103.0902,86.2764,east,2020-01-01 09:20:00,false,142.7752,141.9139,north,2020-01-01 09:20:00,false,129.6345,104.3548,south,2020-01-01 09:20:00,true,126.7713,145.7683,north,2020-01-01 09:20:00,false
88.2429,72.0003,east,2020-01-01 09:21:00,true,119.7237,94.3524,west,2020-01-01 09:21:00,true,104.9121,81.9063,north,2020-01-01 09:21:00,false,115.1459,112.24,west,2020-01-01 09:21:00,false
92.1828,150.7453,east,2020-01-01 09:22:00,true,114.2528,103.3486,south,2020-01-01 09:22:00,true,127.3641,72.3033,east,2020-01-01 09:22:00,true,106.0405,48.8054,north,2020-01-01 09:22:00,true
102.2285,78.1791,west,2020-01-01 09:23:00,false,57.445,111.3911,west,2020-01-01 09:23:00,true,87.8136,102.3343,west,2020-01-01 09:23:00,false,105.7399,136.9367,east,2020-01-01 09:23:00,false
41.234,66.89,north,2020-01-01 09:24:00,true,77.5609,97.6794,west,2020-01-01 09:24:00,false,101.4047,111.6707,west,2020-01-01 09:24:00,false,126.2486,105.7784,south,2020-01-01 09:24:00,true
94.5523,108.8005,north,2020-01-01 09:25:00,false,97.3464,73.0446,south,2020-01-01 09:25:00,false,123.6649,89.0895,north,2020-01-01 09:25:00,true,75.3258,108.9819,west,2020-01-01 09:25:00,true
96.365,105.0155,south,2020-01-01 09:26:00,false,130.8565,112.7896,south,2020-01-01 09:26:00,false,92.7413,127.2613,east,2020-01-01 09:26:00,true,101.4763,122.8188,north,2020-01-01 09:26:00,false
127.1943,104.7744,north,2020-01-01 09:27:00,false,100.0739,54.0245,north,2020-01-01 09:27:00,false,113.7904,50.2262,north,2020-01-01 09:27:00,true,101.0724,145.3137,west,2020-01-01 09:27:00,true
124.9392,139.5295,east,2020-01-01 09:28:00,true,104.4651,128.3593,west,2020-01-01 09:28:00,true,92.3155,59.4345,west,2020-01-01 09:28:00,false,113.767,67.9081,east,2020-01-01 09:28:00,true
49.8656,77.5516,east,2020-01-01 09:29:00,true,112.8556,91.5514,south,2020-01-01 09:29:00,false,104.3319,92.2992,south,2020-01-01 09:29:00,true,111.4742,93.6947,east,2020-01-01 09:29:00,true
71.2864,88.2582,north,2020-01-01 09:30:00,true,91.664,61.2395,north,2020-01-01 09:30:00,false,108.21,82.5321,south,2020-01-01 09:30:00,true,122.1889,84.8048,north,2020-01-01 09:30:00,true
96.5299,149.9395,north,2020-01-01 09:31:00,true,123.0638,151.4815,west,2020-01-01 09:31:00,true,95.752,105.5942,north,2020-01-01 09:31:00,true,136.0281,57.3802,east,2020-01-01 09:31:00,false
43.5646,114.4173,south,2020-01-01 09:32:00,false,30.9388,122.7258,west,2020-01-01 09:32:00,false,127.3716,58.4474,north,2020-01-01 09:32:00,false,94.4862,118.0479,north,2020-01-01 09:32:00,false
172.9487,91.0818,south,2020-01-01 09:33:00,false,87.8486,113.2379,east,2020-01-01 09:33:00,false,93.6807,68.2854,west,2020-01-01 09:33:00,true,117.7703,49.4512,south,2020-01-01 09:33:00,false
112.9156,115.5957,north,2020-01-01 09:34:00,true,118.5454,104.9573,west,2020-01-01 09:34:00,true,140.48,65.7001,west,2020-01-01 09:34:00,true,44.454,145.506,west,2020-01-01 09:34:00,false
112.7583,147.9845,north,2020-01-01 09:35:00,true,70.6109,67.661,north,2020-01-01 09:35:00,false,77.3992,81.8521,east,2020-01-01 09:35:00,false,75.2992,88.7817,west,2020-01-01 09:35:00,true
67.3603,97.0998,north,2020-01-01 09:36:00,true,126.6298,146.924,north,2020-01-01 09:36:00,true,64.3295,75.2551,north,2020-01-01 09:36:00,false,123.5409,134.8341,north,2020-01-01 09:36:00,false
103.9179,80.5729,east,2020-01-01 09:37:00,true,40.6774,69.6333,west,2020-01-01 09:37:00,true,113.8529,117.5798,north,2020-01-01 09:37:00,true,86.3967,111.5243,east,2020-01-01 09:37:00,true
50.1912,79.8677,south,2020-01-01 09:38:00,false,93.577,120.972,north,2020-01-01 09:38:00,true,95.3321,98.4185,north,2020-01-01 09:38:00,false,111.417,80.8295,north,2020-01-01 09:38:00,true
106.284,100.3431,north,2020-01-01 09:39:00,true,125.25,120.5899,south,2020-01-01 09:39:00,true,99.5346,55.8275,south,2020-01-01 09:39:00,true,143.7982,113.9625,north,2020-01-01 09:39:00,false
70.9998,71.5043,east,2020-01-01 09:40:00,false,123.7661,111.6004,south,2020-01-01 09:40:00,false,71.1614,62.3708,north,2020-01-01 09:40:00,true,99.1309,105.5993,east,2020-01-01 09:40:00,true
72.539,117.3754,south,2020-01-01 09:41:00,false,94.4548,70.0669,north,2020-01-01 09:41:00,true,134.1182,104.3955,north,2020-01-01 09:41:00,false,46.4051,95.1918,east,2020-01-01 09:41:00,true
81.2753,80.3745,west,2020-01-01 09:42:00,false,56.5254,101.2882,west,2020-01-01 09:42:00,true,136.6831,106.8323,west,2020-01-01 09:42:00,true,72.1869,85.747,east,2020-01-01 09:42:00,true
86.2142,91.3362,north,2020-01-01 09:43:00,false,111.6063,77.9113,east,2020-01-01 09:43:00,true,114.5923,71.5597,north,2020-01-01 09:43:00,true,82.3309,56.9034,south,2020-01-01 09:43:00,true
79.3766,82.2195,east,2020-01-01 09:44:00,true,146.4505,77.9173,west,2020-01-01 09:44:00,false,90.8212,82.0713,south,2020-01-01 09:44:00,false,127.9829,112.6845,north,2020-01-01 09:44:00,false
121.643,148.2454,south,2020-01-01 09:45:00,false,120.269,62.8691,east,2020-01-01 09:45:00,true,66.4744,90.9215,north,2020-01-01 09:45:00,true,149.7987,98.5013,north,2020-01-01 09:45:00,false
101.719,90.2273,west,2020-01-01 09:46:00,true,108.5884,157.6072,north,2020-01-01 09:46:00,true,83.753,79.1635,east,2020-01-01 09:46:00,false,103.7135,159.4792,west,2020-01-01 09:46:00,false
43.4422,123.2292,north,2020-01-01 09:47:00,true,108.0646,118.1076,south,2020-01-01 09:47:00,true,105.3738,76.7722,west,2020-01-01 09:47:00,false,100.8733,93.0881,west,2020-01-01 09:47:00,true
96.9246,56.515,west,2020-01-01 09:48:00,true,125.1548,135.6504,west,2020-01-01 09:48:00,false,124.7396,93.4288,south,2020-01-01 09:48:00,false,119.4907,84.471,south,2020-01-01 09:48:00,true
76.1239,84.3591,west,2020-01-01 09:49:00,false,123.7612,80.8834,east,2020-01-01 09:49:00,false,77.6466,81.7786,north,2020-01-01 09:49:00,false,100.3318,61.7676,east,2020-01-01 09:49:00,true
45.76,64.7941,north,2020-01-01 09:50:00,true,89.6386,80.3888,north,2020-01-01 09:50:00,true,56.3887,121.6707,west,2020-01-01 09:50:00,false,91.8904,104.1951,north,2020-01-01 09:50:00,false
53.2837,118.5024,east,2020-01-01 09:51:00,true,113.8674,108.7405,south,2020-01-01 09:51:00,false,85.6098,75.0118,north,2020-01-01 09:51:00,false,87.1397,117.5747,south,2020-01-01 09:51:00,true
107.9834,88.1522,south,2020-01-01 09:52:00,false,100.7164,143.8421,north,2020-01-01 09:52:00,false,91.9476,120.31,west,2020-01-01 09:52:00,false,101.8644,107.8831,north,2020-01-01 09:52:00,true
104.0582,107.2236,north,2020-01-01 09:53:00,true,140.4546,78.5238,north,2020-01-01 09:53:00,false,89.4776,140.9835,south,2020-01-01 09:53:00,true,151.8742,66.3297,west,2020-01-01 09:53:00,false
98.4706,92.4126,west,2020-01-01 09:54:00,false,86.9191,84.7842,south,2020-01-01 09:54:00,true,103.6007,88.3157,east,2020-01-01 09:54:00,false,85.9158,82.3241,north,2020-01-01 09:54:00,true
87.6731,143.0431,north,2020-01-01 09:55:00,true,134.9034,132.2163,north,2020-01-01 09:55:00,false,77.1851,108.2284,east,2020-01-01 09:55:00,false,91.4553,123.3302,west,2020-01-01 09:55:00,false
87.5988,73.1642,north,2020-01-01 09:56:00,false,118.5555,119.599,north,2020-01-01 09:56:00,true,44.1493,103.5366,east,2020-01-01 09:56:00,true,144.8253,109.747,west,2020-01-01 09:56:00,true
114.0395,84.8024,south,2020-01-01 09:57:00,false,164.3294,135.5594,north,2020-01-01 09:57:00,true,73.144,77.9767,north,2020-01-01 09:57:00,false,86.526,67.1071,east,2020-01-01 09:57:00,true
100.1573,145.5885,east,2020-01-01 09:58:00,true,83.1376,117.9731,north,2020-01-01 09:58:00,false,131.23,115.9925,south,2020-01-01 09:58:00,true,78.3281,56.8792,west,2020-01-01 09:58:00,false
82.2684,78.001,south,2020-01-01 09:59:00,true,98.5994,83.9389,north,2020-01-01 09:59:00,true,103.2736,65.204,north,2020-01-01 09:59:00,true,115.6127,94.3564,south,2020-01-01 09:59:00,true
103.5528,75.299,west,2020-01-01 10:00:00,false,106.7312,115.6019,south,2020-01-01 10:00:00,false,95.5542,83.1707,west,2020-01-01 10:00:00,true,95.995,135.4631,west,2020-01-01 10:00:00,true
82.7892,88.7634,north,2020-01-01 10:01:00,false,66.4818,74.826,east,2020-01-01 10:01:00,true,68.2051,113.5064,south,2020-01-01 10:01:00,false,122.4652,102.8801,south,2020-01-01 10:01:00,false
102.5283,148.0024,north,2020-01-01 10:02:00,true,111.7289,105.423,west,2020-01-01 10:02:00,false,63.8524,75.5652,west,2020-01-01 10:02:00,true,149.8328,93.8799,south,2020-01-01 10:02:00,false
108.6949,95.3374,west,2020-01-01 10:03:00,false,79.5263,112.1728,south,2020-01-01 10:03:00,true,139.3813,87.0193,east,2020-01-01 10:03:00,true,112.3066,103.5058,east,2020-01-01 10:03:00,false
124.2278,121.071,west,2020-01-01 10:04:00,false,115.608,75.3046,west,2020-01-01 10:04:00,true,98.2793,89.9191,south,2020-01-01 10:04:00,true,91.5526,81.7508,east,2020-01-01 10:04:00,false
137.6794,74.1968,east,2020-01-01 10:05:00,true,89.2099,137.2351,south,2020-01-01 10:05:00,true,111.0661,126.3417,south,2020-01-01 10:05:00,false,81.4689,158.8773,west,2020-01-01 10:05:00,true
106.7657,127.9527,west,2020-01-01 10:06:00,false,120.3165,93.6094,west,2020-01-01 10:06:00,true,139.2788,81.0609,east,2020-01-01 10:06:00,true,109.4937,48.1286,west,2020-01-01 10:06:00,false
92.9339,97.5015,west,2020-01-01 10:07:00,true,99.1335,119.9229,east,2020-01-01 10:07:00,true,76.8288,96.1104,east,2020-01-01 10:07:00,false,75.8331,62.0399,south,2020-01-01 10:07:00,true
115.8436,108.4839,west,2020-01-01 10:08:00,true,159.2601,63.7046,south,2020-01-01 10:08:00,false,59.0795,92.8186,east,2020-01-01 10:08:00,true,98.7144,91.1639,east,2020-01-01 10:08:00,true
95.8093,97.1043,east,2020-01-01 10:09:00,false,114.7264,96.3706,south,2020-01-01 10:09:00,true,118.7167,85.9714,north,2020-01-01 10:09:00,true,99.1542,121.5015,east,2020-01-01 10:09:00,false
52.0986,62.9165,north,2020-01-01 10:10:00,false,167.636,94.0494,north,2020-01-01 10:10:00,false,65.994,83.951,west,2020-01-01 10:10:00,false,105.611,115.5958,west,2020-01-01 10:10:00,true
101.8116,99.9479,east,2020-01-01 10:11:00,false,89.6957,81.6932,west,2020-01-01 10:11:00,false,54.2215,110.0416,north,2020-01-01 10:11:00,false,93.5129,92.8997,west,2020-01-01 10:11:00,false
105.9088,97.9496,east,2020-01-01 10:12:00,true,82.0733,83.7601,south,2020-01-01 10:12:00,false,110.8984,89.0649,north,2020-01-01 10:12:00,false,141.955,101.7684,south,2020-01-01 10:12:00,false
131.8495,104.3599,west,2020-01-01 10:13:00,true,123.3941,130.748,north,2020-01-01 10:13:00,false,87.3029,141.004,east,2020-01-01 10:13:00,true,80.756,113.3953,west,2020-01-01 10:13:00,true
80.2885,82.3281,east,2020-01-01 10:14:00,false,105.6961,116.5578,west,2020-01-01 10:14:00,true,142.451,102.8603,south,2020-01-01 10:14:00,true,84.5787,103.6245,north,2020-01-01 10:14:00,false
89.2191,69.6026,east,2020-01-01 10:15:00,true,76.8419,108.4294,north,2020-01-01 10:15:00,true,107.6294,134.6723,west,2020-01-01 10:15:00,true,129.8393,128.2549,west,2020-01-01 10:15:00,true
107.6709,99.4033,east,2020-01-01 10:16:00,false,109.7056,71.0382,west,2020-01-01 10:16:00,true,85.1981,110.9058,north,2020-01-01 10:16:00,true,73.71,74.688,east,2020-01-01 10:16:00,false
83.5547,125.4358,south,2020-01-01 10:17:00,false,79.1398,113.2075,west,2020-01-01 10:17:00,true,96.4945,104.8284,east,2020-01-01 10:17:00,false,100.7831,159.37,east,2020-01-01 10:17:00,true
97.0765,75.2766,south,2020-01-01 10:18:00,true,125.8492,118.6408,north,2020-01-01 10:18:00,true,90.4972,98.7646,north,2020-01-01 10:18:00,false,87.2675,89.4058,east,2020-01-01 10:18:00,false
105.7852,118.4838,north,2020-01-01 10:19:00,false,90.6283,105.0803,north,2020-01-01 10:19:00,true,131.3464,82.0237,south,2020-01-01 10:19:00,false,91.7411,102.0432,west,2020-01-01 10:19:00,true
78.3416,94.4251,east,2020-01-01 10:20:00,false,103.0879,80.152,west,2020-01-01 10:20:00,true,111.18,102.7835,east,2020-01-01 10:20:00,false,94.3321,80.146,west,2020-01-01 10:20:00,false
98.5855,88.9225,south,2020-01-01 10:21:00,false,71.1518,98.1394,north,2020-01-01 10:21:00,true,88.3288,105.793,west,2020-01-01 10:21:00,false,102.7104,110.4775,north,2020-01-01 10:21:00,true
127.2108,121.3845,south,2020-01-01 10:22:00,true,105.9751,129.8052,south,2020-01-01 10:22:00,true,83.2966,98.7556,east,2020-01-01 10:22:00,true,71.1904,106.64,east,2020-01-01 10:22:00,false
113.9936,93.6461,north,2020-01-01 10:23:00,true,59.1765,158.2583,east,2020-01-01 10:23:00,false,140.1588,127.6273,north,2020-01-01 10:23:00,true,150.1834,72.3406,north,2020-01-01 10:23:00,false
85.2627,97.653,east,2020-01-01 10:24:00,true,121.8042,115.7023,west,2020-01-01 10:24:00,true,116.5084,103.922,south,2020-01-01 10:24:00,false,88.2261,111.4328,east,2020-01-01 10:24:00,true
95.3063,127.3434,south,2020-01-01 10:25:00,false,104.7162,86.225,south,2020-01-01 10:25:00,true,79.4876,99.9856,south,2020-01-01 10:25:00,false,104.8664,98.1629,north,2020-01-01 10:25:00,true
102.8739,97.4969,west,2020-01-01 10:26:00,false,108.6366,94.8496,east,2020-01-01 10:26:00,false,84.3324,51.9152,east,2020-01-01 10:26:00,true,158.7665,92.174,north,2020-01-01 10:26:00,false
125.8313,59.1629,west,2020-01-01 10:27:00,true,79.1844,114.5692,south,2020-01-01 10:27:00,false,98.7973,115.8319,south,2020-01-01 10:27:00,true,114.4987,136.0482,east,2020-01-01 10:27:00,false
138.9783,110.2636,north,2020-01-01 10:28:00,false,98.651,127.0131,south,2020-01-01 10:28:00,false,118.4169,82.3285,west,2020-01-01 10:28:00,true,111.8966,128.7216,south,2020-01-01 10:28:00,true
94.7673,135.8637,south,2020-01-01 10:29:00,true,142.7189,103.6225,north,2020-01-01 10:29:00,false,115.3421,88.1119,south,2020-01-01 10:29:00,true,89.2449,80.1275,east,2020-01-01 10:29:00,false
92.7137,72.7769,east,2020-01-01 10:30:00,true,112.6871,136.8696,west,2020-01-01 10:30:00,true,108.4418,76.7415,south,2020-01-01 10:30:00,false,114.3156,100.5722,north,2020-01-01 10:30:00,false
82.8957,100.8735,west,2020-01-01 10:31:00,true,104.3826,147.0198,west,2020-01-01 10:31:00,true,103.3835,96.5884,north,2020-01-01 10:31:00,false,120.8625,131.4211,south,2020-01-01 10:31:00,false
61.91,125.8693,north,2020-01-01 10:32:00,false,96.7431,93.0925,south,2020-01-01 10:32:00,false,132.0601,69.0086,north,2020-01-01 10:32:00,false,93.2729,111.3436,east,2020-01-01 10:32:00,false
102.0338,72.4919,south,2020-01-01 10:33:00,false,106.9899,142.8545,east,2020-01-01 10:33:00,true,78.532,113.807,north,2020-01-01 10:33:00,true,96.6636,135.6684,north,2020-01-01 10:33:00,false
115.0093,92.6859,west,2020-01-01 10:34:00,true,107.4446,125.2417,south,2020-01-01 10:34:00,true,146.617,91.896,north,2020-01-01 10:34:00,false,75.4519,123.6608,east,2020-01-01 10:34:00,false
80.4753,78.0585,east,2020-01-01 10:35:00,false,31.0834,150.7701,east,2020-01-01 10:35:00,true,80.6923,82.9696,east,2020-01-01 10:35:00,false,93.9399,97.6587,west,2020-01-01 10:35:00,true
85.6379,100.1469,west,2020-01-01 10:36:00,true,144.973,99.4706,south,2020-01-01 10:36:00,false,117.2441,90.3467,south,2020-01-01 10:36:00,false,108.0292,99.9256,north,2020-01-01 10:36:00,false
85.5067,84.7788,north,2020-01-01 10:37:00,true,103.5059,109.5174,east,2020-01-01 10:37:00,true,117.654,108.2535,west,2020-01-01 10:37:00,false,85.7214,105.7182,north,2020-01-01 10:37:00,true
78.2491,131.1143,west,2020-01-01 10:38:00,true,103.0208,79.945,west,2020-01-01 10:38:00,false,96.0663,99.0948,south,2020-01-01 10:38:00,true,104.9522,136.3397,west,2020-01-01 10:38:00,false
115.0919,112.8432,north,2020-01-01 10:39:00,false,102.7633,113.8887,west,2020-01-01 10:39:00,true,88.1735,90.1753,east,2020-01-01 10:39:00,true,98.5924,119.4442,east,2020-01-01 10:39:00,true
118.0121,99.3717,north,2020-01-01 10:40:00,false,102.0438,113.6751,east,2020-01-01 10:40:00,false,95.2886,105.195,south,2020-01-01 10:40:00,false,86.2157,106.5443,south,2020-01-01 10:40:00,false
70.7893,65.5948,north,2020-01-01 10:41:00,true,120.5626,141.4484,west,2020-01-01 10:41:00,false,65.0136,107.6207,south,2020-01-01 10:41:00,true,88.6164,146.0768,north,2020-01-01 10:41:00,false
86.4736,61.6496,east,2020-01-01 10:42:00,false,65.1637,55.15,south,2020-01-01 10:42:00,false,114.4597,104.0673,west,2020-01-01 10:42:00,false,72.9172,119.4222,west,2020-01-01 10:42:00,false
80.1309,107.7844,south,2020-01-01 10:43:00,true,122.4607,110.6566,west,2020-01-01 10:43:00,true,116.0267,91.1099,north,2020-01-01 10:43:00,true,91.1901,104.3694,south,2020-01-01 10:43:00,true
157.4091,67.3352,west,2020-01-01 10:44:00,true,77.2585,104.3343,east,2020-01-01 10:44:00,false,60.7188,116.1437,east,2020-01-01 10:44:00,false,119.3506,104.8531,west,2020-01-01 10:44:00,true
108.399,141.9047,west,2020-01-01 10:45:00,true,122.6524,105.4391,south,2020-01-01 10:45:00,false,105.3737,134.8208,south,2020-01-01 10:45:00,false,73.7116,116.1215,east,2020-01-01 10:45:00,true
101.5994,98.3706,south,2020-01-01 10:46:00,false,71.6154,156.1273,north,2020-01-01 10:46:00,true,136.6687,104.6422,south,2020-01-01 10:46:00,true,78.9877,55.7789,south,2020-01-01 10:46:00,false
116.3502,78.5116,north,2020-01-01 10:47:00,true,92.7633,97.1198,north,2020-01-01 10:47:00,false,121.362,104.1689,west,2020-01-01 10:47:00,true,126.041,129.6885,west,2020-01-01 10:47:00,true
142.212,103.8608,south,2020-01-01 10:48:00,true,84.8847,117.8301,south,2020-01-01 10:48:00,true,153.3984,87.065,south,2020-01-01 10:48:00,true,46.35,62.5596,east,2020-01-01 10:48:00,false
94.4495,154.5144,west,2020-01-01 10:49:00,false,134.2897,75.3675,west,2020-01-01 10:49:00,true,119.9657,111.418,north,2020-01-01 10:49:00,true,134.0566,101.5279,north,2020-01-01 10:49:00,true
122.1848,75.1057,west,2020-01-01 10:50:00,true,73.117,81.7911,west,2020-01-01 10:50:00,true,83.9483,116.9348,north,2020-01-01 10:50:00,true,106.9973,73.4247,south,2020-01-01 10:50:00,false
64.6918,83.6692,north,2020-01-01 10:51:00,false,114.9522,112.1163,north,2020-01-01 10:51:00,true,123.0736,106.0853,north,2020-01-01 10:51:00,true,80.9035,107.4024,west,2020-01-01 10:51:00,false
111.1181,64.4353,south,2020-01-01 10:52:00,true,110.7833,94.0947,north,2020-01-01 10:52:00,true,98.2307,108.6525,south,2020-01-01 10:52:00,false,67.1492,119.7803,north,2020-01-01 10:52:00,false
45.9199,104.4743,west,2020-01-01 10:53:00,true,147.6656,71.0949,east,2020-01-01 10:53:00,true,92.3759,87.4582,west,2020-01-01 10:53:00,false,110.742,44.2388,east,2020-01-01 10:53:00,true
143.106,50.5125,south,2020-01-01 10:54:00,false,99.1864,128.2687,west,2020-01-01 10:54:00,false,100.7139,112.0221,east,2020-01-01 10:54:00,true,84.3559,82.7142,south,2020-01-01 10:54:00,true
113.9967,67.4398,west,2020-01-01 10:55:00,false,90.443,110.7833,north,2020-01-01 10:55:00,true,87.1794,91.8545,west,2020-01-01 10:55:00,true,152.2001,134.0369,north,2020-01-01 10:55:00,true
109.6763,114.9758,west,2020-01-01 10:56:00,true,66.8341,63.7873,west,2020-01-01 10:56:00,false,77.0538,118.4702,west,2020-01-01 10:56:00,false,108.1555,126.9545,east,2020-01-01 10:56:00,false
117.2845,145.6888,east,2020-01-01 10:57:00,false,57.0386,67.4198,east,2020-01-01 10:57:00,true,122.856,63.989,south,2020-01-01 10:57:00,true,102.8459,140.1077,south,2020-01-01 10:57:00,true
125.2862,158.695,north,2020-01-01 10:58:00,true,132.6111,115.1814,west,2020-01-01 10:58:00,false,93.0445,117.4358,south,2020-01-01 10:58:00,true,81.1599,91.3564,east,2020-01-01 10:58:00,false
82.1205,73.8646,north,2020-01-01 10:59:00,false,80.4227,108.3216,south,2020-01-01 10:59:00,true,142.5536,54.7282,south,2020-01-01 10:59:00,false,118.0749,137.3588,east,2020-01-01 10:59:00,true
103.9235,109.7752,west,2020-01-01 11:00:00,false,96.2981,137.8312,east,2020-01-01 11:00:00,true,108.1882,98.3156,south,2020-01-01 11:00:00,true,87.7782,72.5932,west,2020-01-01 11:00:00,false
76.5805,99.1983,north,2020-01-01 11:01:00,false,73.5257,82.9018,north,2020-01-01 11:01:00,false,107.733,85.4523,west,2020-01-01 11:01:00,true,88.8356,95.6211,south,2020-01-01 11:01:00,true
86.2602,73.1749,north,2020-01-01 11:02:00,false,128.257,128.9284,west,2020-01-01 11:02:00,true,131.1557,124.5845,south,2020-01-01 11:02:00,true,57.8231,113.4029,east,2020-01-01 11:02:00,false
140.9533,87.279,north,2020-01-01 11:03:00,false,86.154,120.8214,south,2020-01-01 11:03:00,false,104.1852,75.347,north,2020-01-01 11:03:00,true,102.5445,102.8191,west,2020-01-01 11:03:00,true
99.3621,83.2263,east,2020-01-01 11:04:00,true,128.9123,140.1812,north,2020-01-01 11:04:00,false,116.1195,66.6646,east,2020-01-01 11:04:00,true,135.8496,105.1158,east,2020-01-01 11:04:00,true
123.6672,78.0353,north,2020-01-01 11:05:00,false,122.9103,102.0538,south,2020-01-01 11:05:00,false,74.5218,113.3218,south,2020-01-01 11:05:00,false,88.8396,96.9971,east,2020-01-01 11:05:00,true
109.0404,131.9958,east,2020-01-01 11:06:00,false,79.0527,119.5199,east,2020-01-01 11:06:00,true,145.3784,82.7888,north,2020-01-01 11:06:00,true,133.8922,67.1384,east,2020-01-01 11:06:00,false
121.8481,142.4817,north,2020-01-01 11:07:00,false,101.8793,82.5692,east,2020-01-01 11:07:00,false,95.9214,61.4702,south,2020-01-01 11:07:00,false,87.7774,102.9102,north,2020-01-01 11:07:00,true
120.0916,95.6144,west,2020-01-01 11:08:00,true,105.0668,109.4226,east,2020-01-01 11:08:00,false,98.0321,109.3258,west,2020-01-01 11:08:00,true,113.2732,68.9676,east,2020-01-01 11:08:00,false
141.0942,120.1547,south,2020-01-01 11:09:00,true,102.9279,73.3473,north,2020-01-01 11:09:00,false,56.7788,130.8975,east,2020-01-01 11:09:00,false,76.1494,122.445,west,2020-01-01 11:09:00,false
71.5953,63.8118,north,2020-01-01 11:10:00,false,79.9375,102.6254,east,2020-01-01 11:10:00,false,106.3441,130.1112,west,2020-01-01 11:10:00,false,103.0026,100.8673,south,2020-01-01 11:10:00,true
85.332,157.3158,north,2020-01-01 11:11:00,true,112.0246,104.0569,north,2020-01-01 11:11:00,false,83.8491,125.1293,north,2020-01-01 11:11:00,false,90.6624,99.0828,south,2020-01-01 11:11:00,false
98.179,120.2585,south,2020-01-01 11:12:00,true,107.6021,59.3596,north,2020-01-01 11:12:00,true,87.6737,79.5251,north,2020-01-01 11:12:00,false,64.7991,83.905,east,2020-01-01 11:12:00,true
72.405,125.6448,north,2020-01-01 11:13:00,false,92.1456,67.0094,east,2020-01-01 11:13:00,false,80.6277,117.8106,west,2020-01-01 11:13:00,false,139.1545,95.1705,west,2020-01-01 11:13:00,false
93.4765,87.261,north,2020-01-01 11:14:00,false,87.2647,149.0214,south,2020-01-01 11:14:00,true,29.663,120.1425,south,2020-01-01 11:14:00,false,121.6998,122.0526,east,2020-01-01 11:14:00,false
90.8031,92.778,south,2020-01-01 11:15:00,false,119.8614,110.7915,east,2020-01-01 11:15:00,true,118.8984,100.9541,west,2020-01-01 11:15:00,false,65.8255,104.6363,north,2020-01-01 11:15:00,true
131.4857,81.4241,north,2020-01-01 11:16:00,false,110.3168,75.471,east,2020-01-01 11:16:00,false,118.4406,75.7975,south,2020-01-01 11:16:00,false,126.9626,124.3814,west,2020-01-01 11:16:00,true
80.7731,123.5522,south,2020-01-01 11:17:00,false,108.3017,98.5171,south,2020-01-01 11:17:00,true,62.1024,132.0454,north,2020-01-01 11:17:00,false,88.2221,112.896,west,2020-01-01 11:17:00,true
74.2798,101.2257,east,2020-01-01 11:18:00,true,130.8308,89.5388,north,2020-01-01 11:18:00,false,74.8136,95.3239,west,2020-01-01 11:18:00,false,106.573,115.1873,north,2020-01-01 11:18:00,true
122.776,80.8944,south,2020-01-01 11:19:00,true,120.1198,83.2375,west,2020-01-01 11:19:00,false,51.4091,118.5244,west,2020-01-01 11:19:00,true,114.4144,56.0064,north,2020-01-01 11:19:00,false
114.5454,71.8087,south,2020-01-01 11:20:00,true,118.6438,102.3623,west,2020-01-01 11:20:00,true,126.6,96.2015,east,2020-01-01 11:20:00,false,114.6738,118.1228,north,2020-01-01 11:20:00,true
108.7142,116.3945,south,2020-01-01 11:21:00,false,118.1042,98.0709,south,2020-01-01 11:21:00,false,86.7043,130.5214,north,2020-01-01 11:21:00,false,110.07,51.109,east,2020-01-01 11:21:00,true
103.7266,85.5648,north,2020-01-01 11:22:00,false,74.5919,85.4649,north,2020-01-01 11:22:00,true,87.3837,143.501,west,2020-01-01 11:22:00,false,100.4113,88.1968,south,2020-01-01 11:22:00,false
129.0169,118.1288,south,2020-01-01 11:23:00,false,107.8862,39.0517,east,2020-01-01 11:23:00,false,115.3124,144.8264,east,2020-01-01 11:23:00,true,92.6225,150.1346,south,2020-01-01 11:23:00,false
91.0348,121.1998,east,2020-01-01 11:24:00,true,59.2981,117.3024,east,2020-01-01 11:24:00,false,71.5665,119.5735,north,2020-01-01 11:24:00,true,78.2549,106.7211,north,2020-01-01 11:24:00,false
72.858,143.4533,west,2020-01-01 11:25:00,true,89.3472,76.4559,east,2020-01-01 11:25:00,false,89.9527,91.0193,south,2020-01-01 11:25:00,false,115.2286,98.4948,north,2020-01-01 11:25:00,false
110.4994,137.2139,east,2020-01-01 11:26:00,false,75.3393,63.983,west,2020-01-01 11:26:00,false,91.5153,104.5381,north,2020-01-01 11:26:00,false,64.352,120.6234,north,2020-01-01 11:26:00,true
85.7094,73.62,north,2020-01-01 11:27:00,false,124.3189,74.051,north,2020-01-01 11:27:00,true,145.2879,131.3036,south,2020-01-01 11:27:00,false,67.8774,64.362,south,2020-01-01 11:27:00,false
63.6743,118.9639,north,2020-01-01 11:28:00,true,137.0599,111.1914,west,2020-01-01 11:28:00,true,112.7509,90.8391,west,2020-01-01 11:28:00,false,141.3871,87.9492,south,2020-01-01 11:28:00,false
96.6603,113.2604,north,2020-01-01 11:29:00,true,96.0368,111.3894,west,2020-01-01 11:29:00,false,67.6552,107.4759,north,2020-01-01 11:29:00,false,122.0671,91.9596,west,2020-01-01 11:29:00,false
75.6249,86.4447,south,2020-01-01 11:30:00,false,96.2742,72.723,east,2020-01-01 11:30:00,false,113.2763,82.1933,north,2020-01-01 11:30:00,false,99.7055,85.8785,south,2020-01-01 11:30:00,true
82.0666,78.7266,west,2020-01-01 11:31:00,false,110.8702,67.1191,west,2020-01-01 11:31:00,false,157.4538,138.2731,west,2020-01-01 11:31:00,true,95.5285,92.9733,north,2020-01-01 11:31:00,false
138.5314,143.1439,west,2020-01-01 11:32:00,false,119.4158,116.5191,south,2020-01-01 11:32:00,false,113.3244,140.4383,east,2020-01-01 11:32:00,false,161.4259,90.5406,east,2020-01-01 11:32:00,true
99.7505,108.3517,south,2020-01-01 11:33:00,true,67.3442,139.8819,west,2020-01-01 11:33:00,true,108.7797,136.5468,west,2020-01-01 11:33:00,false,113.8966,92.7199,west,2020-01-01 11:33:00,true
95.6513,96.4301,south,2020-01-01 11:34:00,true,78.7639,82.7338,north,2020-01-01 11:34:00,false,85.856,85.3086,east,2020-01-01 11:34:00,false,127.9408,134.5936,west,2020-01-01 11:34:00,true
93.4827,129.4566,east,2020-01-01 11:35:00,true,113.1603,107.1946,south,2020-01-01 11:35:00,false,108.3027,133.3382,west,2020-01-01 11:35:00,true,114.7845,97.614,north,2020-01-01 11:35:00,true
114.2921,88.4066,south,2020-01-01 11:36:00,false,76.861,66.6755,west,2020-01-01 11:36:00,false,134.8955,58.1496,south,2020-01-01 11:36:00,false,148.6139,92.4443,north,2020-01-01 11:36:00,false
62.3859,149.9944,south,2020-01-01 11:37:00,true,109.8846,82.5718,west,2020-01-01 11:37:00,true,72.6453,100.4067,north,2020-01-01 11:37:00,false,163.3654,101.345,south,2020-01-01 11:37:00,true
72.4833,107.5741,north,2020-01-01 11:38:00,true,87.4705,70.0673,west,2020-01-01 11:38:00,true,105.3516,73.9016,south,2020-01-01 11:38:00,false,67.8796,74.7683,west,2020-01-01 11:38:00,true
91.506,89.8609,west,2020-01-01 11:39:00,true,76.2769,122.3633,south,2020-01-01 11:39:00,false,119.8451,104.0612,east,2020-01-01 11:39:00,false,95.639,87.9249,east,2020-01-01 11:39:00,false
63.6445,106.5061,north,2020-01-01 11:40:00,true,88.0969,80.2139,north,2020-01-01 11:40:00,true,127.5888,86.0001,south,2020-01-01 11:40:00,false,83.1114,147.6651,north,2020-01-01 11:40:00,false
145.8188,70.2907,south,2020-01-01 11:41:00,false,98.8862,118.1116,west,2020-01-01 11:41:00,false,52.8583,109.5947,east,2020-01-01 11:41:00,true,94.3879,60.8212,west,2020-01-01 11:41:00,true
69.0958,91.9849,east,2020-01-01 11:42:00,true,64.4414,74.6258,north,2020-01-01 11:42:00,true,46.1494,131.7919,south,2020-01-01 11:42:00,false,109.021,111.1179,west,2020-01-01 11:42:00,false
78.3894,41.8408,south,2020-01-01 11:43:00,false,89.6196,90.0619,west,2020-01-01 11:43:00,false,81.4884,125.8293,east,2020-01-01 11:43:00,false,99.6789,123.8856,east,2020-01-01 11:43:00,false
100.6226,123.0578,north,2020-01-01 11:44:00,false,79.9548,145.7459,south,2020-01-01 11:44:00,false,154.9612,60.1428,north,2020-01-01 11:44:00,true,112.5449,112.4205,north,2020-01-01 11:44:00,false
89.2272,58.6186,south,2020-01-01 11:45:00,false,71.9517,86.7099,south,2020-01-01 11:45:00,false,76.74,95.9198,south,2020-01-01 11:45:00,true,96.2798,79.0256,west,2020-01-01 11:45:00,false
80.105,111.215,north,2020-01-01 11:46:00,true,82.3378,91.8168,east,2020-01-01 11:46:00,true,51.1944,69.1545,north,2020-01-01 11:46:00,false,127.0383,114.4073,south,2020-01-01 11:46:00,false
114.6245,125.2738,north,2020-01-01 11:47:00,true,84.19,95.926,north,2020-01-01 11:47:00,false,91.4291,49.7908,north,2020-01-01 11:47:00,true,112.41,121.6859,west,2020-01-01 11:47:00,false
54.2443,95.9444,north,2020-01-01 11:48:00,false,73.2908,47.2603,west,2020-01-01 11:48:00,false,93.8145,91.1572,east,2020-01-01 11:48:00,false,145.0713,70.9363,north,2020-01-01 11:48:00,true
102.438,78.6989,north,2020-01-01 11:49:00,true,78.6727,85.39,west,2020-01-01 11:49:00,true,142.9306,56.8164,west,2020-01-01 11:49:00,false,114.8711,118.4892,east,2020-01-01 11:49:00,true
111.9955,134.009,west,2020-01-01 11:50:00,true,84.22,98.5025,south,2020-01-01 11:50:00,false,70.8458,115.2169,west,2020-01-01 11:50:00,true,89.5186,82.8635,east,2020-01-01 11:50:00,false
95.3658,145.4952,east,2020-01-01 11:51:00,true,65.6808,130.4665,south,2020-01-01 11:51:00,true,90.4105,92.3782,north,2020-01-01 11:51:00,false,87.3882,115.9539,east,2020-01-01 11:51:00,false
57.9238,121.8223,west,2020-01-01 11:52:00,true,95.4379,143.8029,south,2020-01-01 11:52:00,false,108.2758,82.8012,north,2020-01-01 11:52:00,true,109.4374,91.2994,north,2020-01-01 11:52:00,true
85.3609,94.2561,south,2020-01-01 11:53:00,true,75.9019,97.7051,east,2020-01-01 11:53:00,true,138.4748,105.2013,west,2020-01-01 11:53:00,false,103.7495,150.3222,south,2020-01-01 11:53:00,false
109.1966,105.1865,south,2020-01-01 11:54:00,false,69.4928,79.2511,east,2020-01-01 11:54:00,false,85.1585,113.8548,south,2020-01-01 11:54:00,false,86.3964,111.7138,east,2020-01-01 11:54:00,true
82.6205,46.8976,north,2020-01-01 11:55:00,false,156.4892,137.2603,north,2020-01-01 11:55:00,false,69.7991,119.1751,south,2020-01-01 11:55:00,false,81.7055,84.6237,east,2020-01-01 11:55:00,false
87.0052,106.7431,north,2020-01-01 11:56:00,true,78.2575,77.5212,west,2020-01-01 11:56:00,false,133.8673,97.241,south,2020-01-01 11:56:00,false,111.6221,119.3357,south,2020-01-01 11:56:00,false
97.8093,91.7184,west,2020-01-01 11:57:00,false,93.3179,100.4992,north,2020-01-01 11:57:00,true,128.149,93.6332,west,2020-01-01 11:57:00,true,124.8252,101.9388,south,2020-01-01 11:57:00,true
129.1422,108.4372,west,2020-01-01 11:58:00,false,121.2738,52.4326,west,2020-01-01 11:58:00,false,127.956,75.9314,south,2020-01-01 11:58:00,false,116.657,148.1225,south,2020-01-01 11:58:00,false
80.2032,117.444,east,2020-01-01 11:59:00,true,61.9313,116.8469,north,2020-01-01 11:59:00,true,119.3767,77.2827,east,2020-01-01 11:59:00,false,128.1402,103.1386,west,2020-01-01 11:59:00,true
94.1104,68.243,south,2020-01-01 12:00:00,true,114.9242,109.8871,east,2020-01-01 12:00:00,true,73.5266,89.5663,west,2020-01-01 12:00:00,false,122.1431,119.4296,south,2020-01-01 12:00:00,false
94.7341,127.7427,north,2020-01-01 12:01:00,false,97.8081,119.2209,west,2020-01-01 12:01:00,true,53.0942,112.1669,south,2020-01-01 12:01:00,false,107.9218,112.1354,north,2020-01-01 12:01:00,true
138.3509,67.4893,east,2020-01-01 12:02:00,false,81.5806,114.3962,west,2020-01-01 12:02:00,true,115.7138,49.1912,north,2020-01-01 12:02:00,true,93.0961,82.4686,north,2020-01-01 12:02:00,false
69.0429,115.3223,west,2020-01-01 12:03:00,false,124.6767,61.1395,north,2020-01-01 12:03:00,false,104.6127,78.5829,south,2020-01-01 12:03:00,false,106.7978,78.9156,north,2020-01-01 12:03:00,false
140.9173,111.294,north,2020-01-01 12:04:00,false,167.0646,90.5745,east,2020-01-01 12:04:00,true,125.1162,113.2808,south,2020-01-01 12:04:00,true,65.9642,52.7741,north,2020-01-01 12:04:00,false
83.9605,92.9811,south,2020-01-01 12:05:00,true,130.2656,93.3166,south,2020-01-01 12:05:00,false,93.3668,123.793,south,2020-01-01 12:05:00,false,79.28,103.1921,north,2020-01-01 12:05:00,true
124.1438,113.4702,south,2020-01-01 12:06:00,false,109.9473,77.351,north,2020-01-01 12:06:00,true,99.0922,121.8358,east,2020-01-01 12:06:00,true,134.2238,112.9007,south,2020-01-01 12:06:00,false
133.0401,104.3674,east,2020-01-01 12:07:00,false,71.1117,84.4183,west,2020-01-01 12:07:00,true,59.6746,119.6059,east,2020-01-01 12:07:00,true,96.4294,103.2509,east,2020-01-01 12:07:00,false
107.2888,105.1681,south,2020-01-01 12:08:00,false,126.6859,89.0794,south,2020-01-01 12:08:00,true,32.9706,59.8671,east,2020-01-01 12:08:00,true,114.7027,84.6499,south,2020-01-01 12:08:00,false
125.4363,112.5499,east,2020-01-01 12:09:00,false,132.2211,89.8923,west,2020-01-01 12:09:00,true,84.6503,93.3781,south,2020-01-01 12:09:00,true,98.9483,85.0172,north,2020-01-01 12:09:00,false
123.3356,89.1153,east,2020-01-01 12:10:00,true,91.9349,100.957,east,2020-01-01 12:10:00,false,122.5821,116.5901,west,2020-01-01 12:10:00,false,93.0787,98.012,east,2020-01-01 12:10:00,true
110.0622,95.6037,west,2020-01-01 12:11:00,true,112.8481,99.7661,east,2020-01-01 12:11:00,false,106.1528,68.0978,west,2020-01-01 12:11:00,true,136.5642,92.3174,north,2020-01-01 12:11:00,false
67.1147,90.4189,west,2020-01-01 12:12:00,false,81.6257,92.5456,north,2020-01-01 12:12:00,true,51.8844,104.2885,north,2020-01-01 12:12:00,true,101.7189,78.4686,north,2020-01-01 12:12:00,false
83.3195,106.1708,north,2020-01-01 12:13:00,false,82.4265,110.0538,west,2020-01-01 12:13:00,true,82.8555,87.1746,west,2020-01-01 12:13:00,true,102.8016,130.2806,west,2020-01-01 12:13:00,true
110.1702,80.8701,east,2020-01-01 12:14:00,false,112.2413,133.2485,west,2020-01-01 12:14:00,false,134.9832,94.845,west,2020-01-01 12:14:00,true,69.1951,102.2077,west,2020-01-01 12:14:00,true
38.0749,127.8849,east,2020-01-01 12:15:00,false,101.4615,87.6899,south,2020-01-01 12:15:00,false,55.4936,52.1964,west,2020-01-01 12:15:00,true,58.5909,106.451,west,2020-01-01 12:15:00,true
88.3266,115.4384,west,2020-01-01 12:16:00,true,73.6411,103.052,north,2020-01-01 12:16:00,true,97.6083,87.8574,south,2020-01-01 12:16:00,true,147.4451,62.7906,north,2020-01-01 12:16:00,false
62.3281,45.1116,north,2020-01-01 12:17:00,false,137.3791,132.3915,west,2020-01-01 12:17:00,true,104.3881,100.9675,north,2020-01-01 12:17:00,true,77.2347,92.8973,south,2020-01-01 12:17:00,false
67.4504,64.2834,west,2020-01-01 12:18:00,true,110.8923,106.8497,north,2020-01-01 12:18:00,true,129.1929,107.2951,south,2020-01-01 12:18:00,true,74.263,95.165,west,2020-01-01 12:18:00,false
51.5366,102.5171,west,2020-01-01 12:19:00,false,91.5927,141.0266,south,2020-01-01 12:19:00,false,100.4467,102.1884,west,2020-01-01 12:19:00,true,125.8424,149.207,west,2020-01-01 12:19:00,true
161.9533,107.2919,east,2020-01-01 12:20:00,false,92.7967,103.7298,north,2020-01-01 12:20:00,false,84.331,96.2259,east,2020-01-01 12:20:00,false,116.7989,86.2697,south,2020-01-01 12:20:00,false
82.3995,121.9741,south,2020-01-01 12:21:00,true,72.0155,85.3226,north,2020-01-01 12:21:00,true,111.7507,101.8434,south,2020-01-01 12:21:00,true,148.2379,118.3424,north,2020-01-01 12:21:00,true
90.201,125.7993,south,2020-01-01 12:22:00,false,102.6536,77.5402,east,2020-01-01 12:22:00,true,135.8598,96.8989,north,2020-01-01 12:22:00,false,76.6995,159.6612,east,2020-01-01 12:22:00,true
122.0874,86.0099,east,2020-01-01 12:23:00,true,101.7724,48.8686,west,2020-01-01 12:23:00,false,85.2834,59.3845,south,2020-01-01 12:23:00,true,108.2354,75.2434,north,2020-01-01 12:23:00,false
100.2638,75.9327,west,2020-01-01 12:24:00,false,84.8646,90.7224,west,2020-01-01 12:24:00,false,104.7391,108.4053,south,2020-01-01 12:24:00,true,87.5118,125.0092,north,2020-01-01 12:24:00,true
99.9027,136.8588,south,2020-01-01 12:25:00,true,96.0483,74.0975,north,2020-01-01 12:25:00,true,89.5183,94.9778,east,2020-01-01 12:25:00,true,100.4468,95.7085,south,2020-01-01 12:25:00,true
135.2341,166.6932,east,2020-01-01 12:26:00,true,116.0944,140.7789,west,2020-01-01 12:26:00,false,115.0613,76.0041,south,2020-01-01 12:26:00,true,108.6538,133.381,north,2020-01-01 12:26:00,false
71.0971,127.8164,west,2020-01-01 12:27:00,false,89.0116,152.9544,north,2020-01-01 12:27:00,false,72.2626,116.2707,east,2020-01-01 12:27:00,true,74.0544,120.7759,north,2020-01-01 12:27:00,false
110.6694,80.9852,east,2020-01-01 12:28:00,true,86.9657,110.1538,east,2020-01-01 12:28:00,true,110.96,59.3462,south,2020-01-01 12:28:00,false,100.3155,112.0399,east,2020-01-01 12:28:00,false
84.228,106.3108,north,2020-01-01 12:29:00,false,124.7174,81.8988,south,2020-01-01 12:29:00,true,106.3206,85.2538,south,2020-01-01 12:29:00,true,105.9122,82.0614,south,2020-01-01 12:29:00,true
102.3581,36.5486,south,2020-01-01 12:30:00,true,116.4396,97.9433,west,2020-01-01 12:30:00,true,93.7552,76.0311,north,2020-01-01 12:30:00,false,79.1324,100.5435,east,2020-01-01 12:30:00,true
96.4301,88.9784,north,2020-01-01 12:31:00,true,103.5259,76.4189,east,2020-01-01 12:31:00,true,127.5706,131.591,east,2020-01-01 12:31:00,false,98.4043,74.811,south,2020-01-01 12:31:00,true
107.3976,102.1147,south,2020-01-01 12:32:00,true,80.5202,36.0302,east,2020-01-01 12:32:00,true,71.6175,61.9685,east,2020-01-01 12:32:00,false,123.1175,83.4493,north,2020-01-01 12:32:00,true
73.3635,85.4801,west,2020-01-01 12:33:00,false,62.2641,113.221,west,2020-01-01 12:33:00,false,63.8304,82.2091,south,2020-01-01 12:33:00,true,118.2045,104.0548,west,2020-01-01 12:33:00,false
94.0153,123.0651,east,2020-01-01 12:34:00,true,100.6791,114.8146,east,2020-01-01 12:34:00,false,99.0171,93.1772,south,2020-01-01 12:34:00,true,109.5776,18.8472,south,2020-01-01 12:34:00,true
67.2774,68.3964,north,2020-01-01 12:35:00,false,74.4339,73.9146,west,2020-01-01 12:35:00,false,132.7918,94.7166,east,2020-01-01 12:35:00,false,92.5495,87.2659,south,2020-01-01 12:35:00,false
102.9663,115.3459,south,2020-01-01 12:36:00,false,124.6678,78.9808,north,2020-01-01 12:36:00,false,96.7636,61.0237,east,2020-01-01 12:36:00,false,90.2035,96.5358,west,2020-01-01 12:36:00,false
145.1246,103.5225,south,2020-01-01 12:37:00,true,45.0616,123.8025,north,2020-01-01 12:37:00,true,70.3158,92.6561,east,2020-01-01 12:37:00,false,103.2916,104.6684,north,2020-01-01 12:37:00,false
122.7181,119.7598,north,2020-01-01 12:38:00,false,82.2841,96.9786,south,2020-01-01 12:38:00,false,109.1905,99.3825,north,2020-01-01 12:38:00,false,128.1191,123.8179,north,2020-01-01 12:38:00,true
86.8897,105.9252,west,2020-01-01 12:39:00,true,99.3232,111.1834,north,2020-01-01 12:39:00,false,79.5368,82.5931,east,2020-01-01 12:39:00,true,95.6725,110.7791,north,2020-01-01 12:39:00,false
90.2182,68.8446,south,2020-01-01 12:40:00,false,106.4328,47.9445,west,2020-01-01 12:40:00,true,159.0351,85.1219,north,2020-01-01 12:40:00,false,100.9834,120.4566,north,2020-01-01 12:40:00,true
130.856,101.5694,south,2020-01-01 12:41:00,true,108.892,126.3003,north,2020-01-01 12:41:00,true,105.9429,86.2715,north,2020-01-01 12:41:00,true,102.9802,133.1415,west,2020-01-01 12:41:00,false
125.9965,80.8566,east,2020-01-01 12:42:00,true,91.8648,126.0181,north,2020-01-01 12:42:00,true,140.4027,91.5294,west,2020-01-01 12:42:00,true,148.089,114.8768,north,2020-01-01 12:42:00,true
81.0291,81.9957,north,2020-01-01 12:43:00,false,159.516,122.622,west,2020-01-01 12:43:00,true,110.159,92.2838,north,2020-01-01 12:43:00,false,101.8045,81.5239,west,2020-01-01 12:43:00,true
87.2407,98.5798,north,2020-01-01 12:44:00,true,70.5599,103.418,north,2020-01-01 12:44:00,false,42.7995,98.9411,south,2020-01-01 12:44:00,false,127.4361,119.4438,south,2020-01-01 12:44:00,false
74.0715,72.5624,north,2020-01-01 12:45:00,false,141.8958,148.0362,north,2020-01-01 12:45:00,true,79.6539,87.2081,east,2020-01-01 12:45:00,false,127.0628,82.1134,south,2020-01-01 12:45:00,false
134.0069,112.057,north,2020-01-01 12:46:00,true,72.2597,122.6774,south,2020-01-01 12:46:00,true,59.9099,82.196,east,2020-01-01 12:46:00,true,83.7746,112.2142,east,2020-01-01 12:46:00,true
103.6861,26.3669,east,2020-01-01 12:47:00,false,68.3408,80.0147,north,2020-01-01 12:47:00,true,133.3807,88.8485,east,2020-01-01 12:47:00,true,141.7864,100.6786,east,2020-01-01 12:47:00,false
101.0209,74.3502,north,2020-01-01 12:48:00,false,120.7108,102.3688,east,2020-01-01 12:48:00,false,75.8067,99.7321,west,2020-01-01 12:48:00,false,75.3689,49.897,east,2020-01-01 12:48:00,false
131.6084,111.9456,east,2020-01-01 12:49:00,false,81.8338,84.3996,south,2020-01-01 12:49:00,true,110.5797,49.9139,north,2020-01-01 12:49:00,false,146.8816,108.1519,south,2020-01-01 12:49:00,false
91.5152,105.529,east,2020-01-01 12:50:00,false,56.3797,95.0201,west,2020-01-01 12:50:00,false,112.3622,99.9269,east,2020-01-01 12:50:00,false,119.6736,127.6655,south,2020-01-01 12:50:00,false
77.3149,130.11,west,2020-01-01 12:51:00,false,53.1854,115.2016,west,2020-01-01 12:51:00,false,122.2865,70.4937,north,2020-01-01 12:51:00,false,102.3061,69.1483,east,2020-01-01 12:51:00,false
94.8031,86.0237,south,2020-01-01 12:52:00,true,92.246,83.6849,west,2020-01-01 12:52:00,true,141.7946,107.2443,south,2020-01-01 12:52:00,true,86.7006,138.5379,west,2020-01-01 12:52:00,true
111.7269,97.4794,south,2020-01-01 12:53:00,false,79.8384,137.0296,north,2020-01-01 12:53:00,true,93.968,72.5767,west,2020-01-01 12:53:00,true,120.4778,108.5612,south,2020-01-01 12:53:00,true
123.6765,118.8307,south,2020-01-01 12:54:00,true,114.9962,89.6374,north,2020-01-01 12:54:00,true,101.2861,77.7669,west,2020-01-01 12:54:00,false,125.6695,89.7789,west,2020-01-01 12:54:00,true
113.0825,98.7481,south,2020-01-01 12:55:00,false,136.6556,105.7905,west,2020-01-01 12:55:00,false,67.0002,127.9919,north,2020-01-01 12:55:00,false,129.3044,58.9162,south,2020-01-01 12:55:00,false
93.881,125.6762,east,2020-01-01 12:56:00,false,112.8437,95.0775,east,2020-01-01 12:56:00,true,96.1041,103.3441,south,2020-01-01 12:56:00,true,108.8348,119.7849,south,2020-01-01 12:56:00,true
65.9509,92.8231,east,2020-01-01 12:57:00,true,86.8002,87.5689,south,2020-01-01 12:57:00,false,143.4349,71.8978,west,2020-01-01 12:57:00,false,80.5069,124.9852,west,2020-01-01 12:57:00,true
94.7403,95.793,east,2020-01-01 12:58:00,true,70.354,156.5626,west,2020-01-01 12:58:00,false,136.4541,131.8566,west,2020-01-01 12:58:00,false,55.542,86.7401,east,2020-01-01 12:58:00,true
124.3396,113.5145,north,2020-01-01 12:59:00,false,91.1175,73.4553,north,2020-01-01 12:59:00,false,119.8781,122.4769,north,2020-01-01 12:59:00,true,89.4627,108.9662,south,2020-01-01 12:59:00,true
125.7696,74.2539,south,2020-01-01 13:00:00,false,120.1218,44.0495,east,2020-01-01 13:00:00,true,66.7737,108.9973,north,2020-01-01 13:00:00,true,120.2014,129.2463,south,2020-01-01 13:00:00,false
56.318,89.6345,west,2020-01-01 13:01:00,false,94.1116,150.6151,east,2020-01-01 13:01:00,true,109.2001,90.1063,east,2020-01-01 13:01:00,true,118.8002,67.4928,south,2020-01-01 13:01:00,true
109.8025,76.6997,east,2020-01-01 13:02:00,false,102.3492,92.466,west,2020-01-01 13:02:00,false,81.44,80.6989,west,2020-01-01 13:02:00,true,127.8329,50.498,south,2020-01-01 13:02:00,true
97.0802,90.4247,north,2020-01-01 13:03:00,true,105.0467,142.5148,north,2020-01-01 13:03:00,false,90.0603,102.6697,north,2020-01-01 13:03:00,false,81.6637,137.7959,north,2020-01-01 13:03:00,false
97.9155,82.55,south,2020-01-01 13:04:00,false,139.4081,90.2325,south,2020-01-01 13:04:00,false,71.4204,147.1242,north,2020-01-01 13:04:00,false,79.5922,103.4519,north,2020-01-01 13:04:00,false
120.3687,59.2417,west,2020-01-01 13:05:00,true,127.9975,78.6137,east,2020-01-01 13:05:00,false,103.1155,97.7588,north,2020-01-01 13:05:00,true,67.705,112.5158,north,2020-01-01 13:05:00,true
120.4171,112.8752,east,2020-01-01 13:06:00,true,126.722,99.3839,south,2020-01-01 13:06:00,false,116.2255,130.5884,west,2020-01-01 13:06:00,false,91.8983,53.259,north,2020-01-01 13:06:00,true
94.9551,120.3639,west,2020-01-01 13:07:00,false,96.0058,28.867,west,2020-01-01 13:07:00,false,93.1105,93.1072,west,2020-01-01 13:07:00,false,91.1214,127.3397,north,2020-01-01 13:07:00,true
128.4907,109.4784,west,2020-01-01 13:08:00,false,117.8306,97.3233,west,2020-01-01 13:08:00,false,99.3477,77.467,east,2020-01-01 13:08:00,false,99.2962,124.5533,west,2020-01-01 13:08:00,false
88.5368,112.9464,east,2020-01-01 13:09:00,true,97.242,72.0304,north,2020-01-01 13:09:00,true,93.9671,91.9214,north,2020-01-01 13:09:00,false,92.5738,116.9056,east,2020-01-01 13:09:00,false
79.4732,73.768,east,2020-01-01 13:10:00,true,40.9291,104.9185,south,2020-01-01 13:10:00,true,100.5765,73.2003,south,2020-01-01 13:10:00,true,76.8282,105.7145,north,2020-01-01 13:10:00,true
111.1376,100.6691,east,2020-01-01 13:11:00,false,84.9959,86.41,west,2020-01-01 13:11:00,false,91.4319,98.5547,west,2020-01-01 13:11:00,false,135.7893,128.5552,south,2020-01-01 13:11:00,true
130.9937,86.5423,north,2020-01-01 13:12:00,true,97.1523,95.7799,south,2020-01-01 13:12:00,true,108.0241,86.7915,east,2020-01-01 13:12:00,false,103.9606,86.6683,west,2020-01-01 13:12:00,true
125.9204,93.2055,south,2020-01-01 13:13:00,true,40.865,125.1585,south,2020-01-01 13:13:00,false,115.3937,109.5692,east,2020-01-01 13:13:00,true,113.8609,137.5587,west,2020-01-01 13:13:00,false
98.233,112.3213,east,2020-01-01 13:14:00,false,85.6648,75.2551,north,2020-01-01 13:14:00,true,101.3714,118.9498,east,2020-01-01 13:14:00,false,90.4879,60.0016,east,2020-01-01 13:14:00,false
92.21,57.4322,west,2020-01-01 13:15:00,false,108.6921,54.6935,east,2020-01-01 13:15:00,false,112.6014,81.3166,south,2020-01-01 13:15:00,false,122.6371,121.6506,west,2020-01-01 13:15:00,true
107.554,90.1471,east,2020-01-01 13:16:00,false,75.8362,138.6101,south,2020-01-01 13:16:00,true,93.7282,104.9429,east,2020-01-01 13:16:00,true,74.7658,115.3141,west,2020-01-01 13:16:00,false
127.0567,55.4077,east,2020-01-01 13:17:00,false,89.7783,116.4178,south,2020-01-01 13:17:00,true,133.2368,116.9244,north,2020-01-01 13:17:00,true,93.3751,98.1294,west,2020-01-01 13:17:00,false
81.7334,116.3715,north,2020-01-01 13:18:00,true,133.9879,92.9386,north,2020-01-01 13:18:00,false,103.2428,92.1974,south,2020-01-01 13:18:00,true,75.5711,81.5466,south,2020-01-01 13:18:00,true
47.2692,123.6476,east,2020-01-01 13:19:00,false,82.2924,62.8261,west,2020-01-01 13:19:00,false,90.4625,40.8859,west,2020-01-01 13:19:00,false,129.5197,110.689,west,2020-01-01 13:19:00,true
108.7523,70.3682,north,2020-01-01 13:20:00,true,73.2317,108.6699,south,2020-01-01 13:20:00,true,75.9686,126.631,south,2020-01-01 13:20:00,true,76.8851,102.4136,south,2020-01-01 13:20:00,true
86.8017,99.4479,west,2020-01-01 13:21:00,true,106.8127,121.084,east,2020-01-01 13:21:00,true,98.3667,107.0263,south,2020-01-01 13:21:00,false,63.3831,134.5986,east,2020-01-01 13:21:00,false
63.8304,65.1369,east,2020-01-01 13:22:00,false,177.5932,101.0438,north,2020-01-01 13:22:00,false,65.3652,67.6065,east,2020-01-01 13:22:00,false,96.8449,78.6547,north,2020-01-01 13:22:00,false
113.2773,80.0131,north,2020-01-01 13:23:00,true,113.1035,111.7708,north,2020-01-01 13:23:00,false,73.2142,90.9544,north,2020-01-01 13:23:00,true,129.9592,104.625,north,2020-01-01 13:23:00,false
111.2372,77.4562,west,2020-01-01 13:24:00,true,103.4085,92.9794,south,2020-01-01 13:24:00,false,107.9226,90.9308,west,2020-01-01 13:24:00,false,94.0367,146.8333,east,2020-01-01 13:24:00,false
80.6967,67.7119,west,2020-01-01 13:25:00,true,62.756,82.5375,west,2020-01-01 13:25:00,true,103.9865,102.5603,south,2020-01-01 13:25:00,false,92.2201,106.4235,east,2020-01-01 13:25:00,false
62.7176,111.6551,south,2020-01-01 13:26:00,false,96.0178,129.4072,east,2020-01-01 13:26:00,true,73.6761,153.7974,south,2020-01-01 13:26:00,true,93.994,105.2592,north,2020-01-01 13:26:00,false
87.5702,115.1353,north,2020-01-01 13:27:00,true,130.7111,74.23,west,2020-01-01 13:27:00,true,106.4688,79.1802,east,2020-01-01 13:27:00,false,80.3455,118.7512,east,2020-01-01 13:27:00,false
88.7346,96.2761,south,2020-01-01 13:28:00,true,61.0477,82.0741,north,2020-01-01 13:28:00,false,98.0285,119.3908,north,2020-01-01 13:28:00,false,54.6299,122.3007,south,2020-01-01 13:28:00,false
58.3499,104.7078,west,2020-01-01 13:29:00,true,111.1601,100.0822,west,2020-01-01 13:29:00,false,85.9947,112.0099,west,2020-01-01 13:29:00,true,132.9571,89.4314,east,2020-01-01 13:29:00,false
91.4706,104.8182,south,2020-01-01 13:30:00,true,114.2776,91.1211,south,2020-01-01 13:30:00,true,101.4792,110.7241,west,2020-01-01 13:30:00,false,109.8836,68.4189,south,2020-01-01 13:30:00,false
101.5885,108.3705,west,2020-01-01 13:31:00,false,66.7442,96.9466,east,2020-01-01 13:31:00,false,100.5121,63.5738,east,2020-01-01 13:31:00,true,91.6989,72.3208,north,2020-01-01 13:31:00,true
99.2373,102.2906,south,2020-01-01 13:32:00,true,125.8841,93.1607,north,2020-01-01 13:32:00,true,81.1867,113.3786,west,2020-01-01 13:32:00,false,53.6229,88.5869,north,2020-01-01 13:32:00,false
94.3277,88.6508,east,2020-01-01 13:33:00,true,76.3498,89.4574,east,2020-01-01 13:33:00,false,75.5601,70.314,south,2020-01-01 13:33:00,false,111.9318,120.6811,west,2020-01-01 13:33:00,true
134.1988,101.9394,east,2020-01-01 13:34:00,false,90.3808,107.0976,south,2020-01-01 13:34:00,true,102.7466,78.4647,west,2020-01-01 13:34:00,false,129.6064,106.6894,south,2020-01-01 13:34:00,false
77.937,82.7032,west,2020-01-01 13:35:00,true,86.853,95.7829,east,2020-01-01 13:35:00,true,39.1338,84.803,north,2020-01-01 13:35:00,false,124.3852,106.2222,east,2020-01-01 13:35:00,true
152.272,54.7201,east,2020-01-01 13:36:00,true,85.8361,113.082,south,2020-01-01 13:36:00,false,126.025,100.7258,south,2020-01-01 13:36:00,true,107.6194,83.3868,west,2020-01-01 13:36:00,true
85.7909,97.5579,south,2020-01-01 13:37:00,false,88.9348,100.3527,south,2020-01-01 13:37:00,false,71.5871,106.3177,west,2020-01-01 13:37:00,false,75.6016,96.1394,north,2020-01-01 13:37:00,false
94.6741,116.6883,north,2020-01-01 13:38:00,true,92.1837,93.6084,north,2020-01-01 13:38:00,false,76.7926,88.1015,south,2020-01-01 13:38:00,true,110.9033,81.7824,east,2020-01-01 13:38:00,false
88.7121,113.3291,north,2020-01-01 13:39:00,false,93.9525,123.9335,south,2020-01-01 13:39:00,true,103.481,99.5991,south,2020-01-01 13:39:00,true,88.0224,95.6683,north,2020-01-01 13:39:00,false
65.275,127.6835,south,2020-01-01 13:40:00,true,96.7647,122.0252,east,2020-01-01 13:40:00,false,33.0428,70.9421,east,2020-01-01 13:40:00,false,94.9486,98.5138,north,2020-01-01 13:40:00,false
103.1634,96.5781,south,2020-01-01 13:41:00,true,97.2431,126.1565,east,2020-01-01 13:41:00,false,125.1844,132.9181,north,2020-01-01 13:41:00,true,82.8812,127.9382,north,2020-01-01 13:41:00,true
153.1933,84.1611,north,2020-01-01 13:42:00,true,73.8719,119.8634,east,2020-01-01 13:42:00,true,103.2561,97.1155,north,2020-01-01 13:42:00,false,124.1854,129.1781,north,2020-01-01 13:42:00,false
142.9668,79.0132,north,2020-01-01 13:43:00,false,100.3495,124.7501,south,2020-01-01 13:43:00,true,118.7086,133.6852,south,2020-01-01 13:43:00,true,106.058,98.7979,east,2020-01-01 13:43:00,true
106.7362,129.5969,north,2020-01-01 13:44:00,true,95.3399,93.2659,west,2020-01-01 13:44:00,true,133.6717,88.2965,east,2020-01-01 13:44:00,true,125.31,91.6827,west,2020-01-01 13:44:00,true
92.6124,96.2466,west,2020-01-01 13:45:00,false,117.9491,79.7571,west,2020-01-01 13:45:00,true,100.3348,69.249,east,2020-01-01 13:45:00,false,66.8154,138.1558,south,2020-01-01 13:45:00,false
103.2459,113.8889,south,2020-01-01 13:46:00,false,115.2137,90.9877,west,2020-01-01 13:46:00,true,121.4162,112.9515,east,2020-01-01 13:46:00,true,86.6117,102.7462,south,2020-01-01 13:46:00,true
104.8057,74.4328,north,2020-01-01 13:47:00,true,130.5983,113.7799,north,2020-01-01 13:47:00,false,128.9335,150.4326,west,2020-01-01 13:47:00,true,90.4658,69.1975,east,2020-01-01 13:47:00,false
70.085,95.1648,east,2020-01-01 13:48:00,false,98.0365,155.6375,south,2020-01-01 13:48:00,true,97.1571,86.8127,east,2020-01-01 13:48:00,true,47.5679,86.4808,east,2020-01-01 13:48:00,false
107.5708,116.9674,east,2020-01-01 13:49:00,false,108.7751,79.0435,east,2020-01-01 13:49:00,false,96.0187,83.6219,south,2020-01-01 13:49:00,true,121.3902,105.1546,east,2020-01-01 13:49:00,true
53.6621,88.1498,south,2020-01-01 13:50:00,false,137.7781,69.0737,north,2020-01-01 13:50:00,false,79.2352,86.8585,west,2020-01-01 13:50:00,true,87.1596,102.3807,north,2020-01-01 13:50:00,true
98.7144,169.7396,west,2020-01-01 13:51:00,true,85.759,85.0289,north,2020-01-01 13:51:00,false,92.6281,107.9711,east,2020-01-01 13:51:00,true,93.8806,86.1103,south,2020-01-01 13:51:00,true
130.8889,104.2138,north,2020-01-01 13:52:00,false,126.3455,56.1474,west,2020-01-01 13:52:00,true,107.294,61.645,north,2020-01-01 13:52:00,true,101.6782,71.5152,west,2020-01-01 13:52:00,false
114.7915,121.9808,east,2020-01-01 13:53:00,true,157.2936,107.83,south,2020-01-01 13:53:00,false,145.7105,71.606,west,2020-01-01 13:53:00,true,103.9449,87.1092,south,2020-01-01 13:53:00,false
95.2803,95.3265,west,2020-01-01 13:54:00,true,84.1739,101.5812,west,2020-01-01 13:54:00,true,126.5266,74.4494,east,2020-01-01 13:54:00,false,93.1208,78.9156,north,2020-01-01 13:54:00,false
133.597,76.7458,east,2020-01-01 13:55:00,true,121.7797,94.8021,north,2020-01-01 13:55:00,false,123.6358,79.2405,south,2020-01-01 13:55:00,true,130.7466,103.2301,west,2020-01-01 13:55:00,false
121.9363,88.3404,north,2020-01-01 13:56:00,true,69.7285,102.5843,north,2020-01-01 13:56:00,true,127.8315,94.825,west,2020-01-01 13:56:00,true,81.9115,91.0399,west,2020-01-01 13:56:00,false
138.931,119.2738,north,2020-01-01 13:57:00,false,98.5362,135.0394,north,2020-01-01 13:57:00,false,101.8664,101.8552,west,2020-01-01 13:57:00,true,161.9783,97.0991,south,2020-01-01 13:57:00,false
14.9495,90.9045,north,2020-01-01 13:58:00,false,121.7033,114.5024,north,2020-01-01 13:58:00,false,129.7241,96.3046,west,2020-01-01 13:58:00,false,140.5955,94.7668,west,2020-01-01 13:58:00,false
104.6989,106.9139,west,2020-01-01 13:59:00,false,128.6651,141.495,north,2020-01-01 13:59:00,true,83.4723,126.8649,north,2020-01-01 13:59:00,true,63.4346,160.9798,north,2020-01-01 13:59:00,false
153.1304,135.9501,west,2020-01-01 14:00:00,false,96.319,136.2048,east,2020-01-01 14:00:00,false,110.4607,116.2829,east,2020-01-01 14:00:00,false,104.068,76.8286,east,2020-01-01 14:00:00,false
70.3405,114.3972,south,2020-01-01 14:01:00,false,120.0055,114.2684,north,2020-01-01 14:01:00,false,125.1638,85.0221,south,2020-01-01 14:01:00,true,73.9042,95.7393,south,2020-01-01 14:01:00,true
93.6611,102.8545,west,2020-01-01 14:02:00,false,80.463,127.0519,south,2020-01-01 14:02:00,true,82.8851,103.6734,north,2020-01-01 14:02:00,false,115.3547,36.4385,east,2020-01-01 14:02:00,false
53.2256,131.8937,west,2020-01-01 14:03:00,false,105.4536,105.5851,west,2020-01-01 14:03:00,true,112.215,89.6298,north,2020-01-01 14:03:00,true,95.6058,125.0967,east,2020-01-01 14:03:00,false
102.3716,107.6963,east,2020-01-01 14:04:00,true,92.4294,118.3275,south,2020-01-01 14:04:00,false,104.4888,113.9247,north,2020-01-01 14:04:00,false,70.3925,99.0824,west,2020-01-01 14:04:00,false
92.5913,78.0284,south,2020-01-01 14:05:00,false,130.9296,121.5392,west,2020-01-01 14:05:00,false,115.0002,111.8947,west,2020-01-01 14:05:00,false,115.5259,145.285,south,2020-01-01 14:05:00,true
126.1263,105.3176,south,2020-01-01 14:06:00,true,116.1545,111.1132,south,2020-01-01 14:06:00,false,75.1445,113.1465,west,2020-01-01 14:06:00,false,101.5713,79.5146,west,2020-01-01 14:06:00,false
109.1275,107.4487,east,2020-01-01 14:07:00,false,101.8761,84.6901,west,2020-01-01 14:07:00,false,91.1491,84.0029,east,2020-01-01 14:07:00,true,104.3945,97.1396,east,2020-01-01 14:07:00,true
112.8334,94.6218,east,2020-01-01 14:08:00,true,110.6086,119.5463,south,2020-01-01 14:08:00,false,95.0863,108.1512,north,2020-01-01 14:08:00,false,104.4754,132.7855,north,2020-01-01 14:08:00,true
96.2118,132.882,east,2020-01-01 14:09:00,true,119.4978,117.9584,west,2020-01-01 14:09:00,true,113.5342,68.7841,west,2020-01-01 14:09:00,false,105.9916,75.6924,west,2020-01-01 14:09:00,true
151.9917,64.8953,north,2020-01-01 14:10:00,false,120.5837,85.9472,west,2020-01-01 14:10:00,false,141.9327,51.4071,south,2020-01-01 14:10:00,true,156.1193,72.5555,south,2020-01-01 14:10:00,false
134.626,106.1995,west,2020-01-01 14:11:00,false,83.5069,103.922,east,2020-01-01 14:11:00,false,87.2177,141.3704,west,2020-01-01 14:11:00,false,64.6706,112.9117,north,2020-01-01 14:11:00,true
115.7703,71.2566,north,2020-01-01 14:12:00,true,83.321,95.2886,east,2020-01-01 14:12:00,true,83.4274,48.6573,east,2020-01-01 14:12:00,false,95.5047,101.2575,south,2020-01-01 14:12:00,false
141.8449,113.3906,south,2020-01-01 14:13:00,true,134.2248,129.8556,west,2020-01-01 14:13:00,false,125.1534,42.2917,east,2020-01-01 14:13:00,false,140.7721,166.7781,east,2020-01-01 14:13:00,true
87.8619,101.8931,west,2020-01-01 14:14:00,true,87.44,96.5603,east,2020-01-01 14:14:00,false,79.6346,64.2566,west,2020-01-01 14:14:00,true,99.6055,91.4564,south,2020-01-01 14:14:00,true
117.6806,86.174,west,2020-01-01 14:15:00,true,143.2896,102.7324,north,2020-01-01 14:15:00,false,49.0373,136.8122,east,2020-01-01 14:15:00,false,73.5015,90.047,north,2020-01-01 14:15:00,false
69.3275,121.1454,south,2020-01-01 14:16:00,true,75.7919,73.7136,east,2020-01-01 14:16:00,false,124.2546,90.3136,north,2020-01-01 14:16:00,true,136.621,95.7348,east,2020-01-01 14:16:00,false
87.1567,79.8966,west,2020-01-01 14:17:00,false,97.9676,108.522,north,2020-01-01 14:17:00,false,104.9211,75.9237,south,2020-01-01 14:17:00,false,89.7694,126.6809,south,2020-01-01 14:17:00,false
115.9223,42.7146,south,2020-01-01 14:18:00,false,55.7871,87.8378,north,2020-01-01 14:18:00,true,113.255,118.3784,west,2020-01-01 14:18:00,true,100.5796,133.27,east,2020-01-01 14:18:00,true
95.4368,117.5343,north,2020-01-01 14:19:00,false,80.1215,87.0,east,2020-01-01 14:19:00,true,119.3997,110.1042,south,2020-01-01 14:19:00,false,106.9238,100.6733,east,2020-01-01 14:19:00,true
149.502,101.3576,east,2020-01-01 14:20:00,false,150.1403,101.5666,north,2020-01-01 14:20:00,false,107.2266,83.1933,west,2020-01-01 14:20:00,false,146.2455,110.8308,south,2020-01-01 14:20:00,true
77.795,61.0835,west,2020-01-01 14:21:00,true,110.4509,98.4063,east,2020-01-01 14:21:00,true,112.8822,116.0938,west,2020-01-01 14:21:00,false,93.3035,97.3769,north,2020-01-01 14:21:00,true
106.3852,85.306,south,2020-01-01 14:22:00,false,36.1965,105.4285,north,2020-01-01 14:22:00,true,92.0154,96.7738,east,2020-01-01 14:22:00,true,105.2566,95.5792,east,2020-01-01 14:22:00,true
68.657,87.6775,north,2020-01-01 14:23:00,true,87.0855,106.9908,west,2020-01-01 14:23:00,false,101.6254,85.228,north,2020-01-01 14:23:00,false,83.4765,90.0057,west,2020-01-01 14:23:00,false
83.6873,122.5481,east,2020-01-01 14:24:00,false,70.7802,123.7833,north,2020-01-01 14:24:00,true,145.3351,66.7477,west,2020-01-01 14:24:00,true,136.3717,122.9752,east,2020-01-01 14:24:00,false
129.4521,75.89,west,2020-01-01 14:25:00,true,134.7004,72.1864,east,2020-01-01 14:25:00,false,119.2843,81.4485,west,2020-01-01 14:25:00,false,138.5988,115.4347,north,2020-01-01 14:25:00,true
135.6214,65.9349,north,2020-01-01 14:26:00,false,91.4703,98.3027,east,2020-01-01 14:26:00,true,129.949,90.6494,north,2020-01-01 14:26:00,false,83.5124,141.2813,south,2020-01-01 14:26:00,false
102.9485,160.4854,east,2020-01-01 14:27:00,false,131.6226,83.5569,east,2020-01-01 14:27:00,true,76.9079,117.7348,south,2020-01-01 14:27:00,false,120.3601,107.7205,north,2020-01-01 14:27:00,true
121.7085,53.6396,north,2020-01-01 14:28:00,true,104.2206,166.2617,north,2020-01-01 14:28:00,true,106.9411,92.8615,north,2020-01-01 14:28:00,true,101.0095,79.691,north,2020-01-01 14:28:00,false
101.9369,134.5193,west,2020-01-01 14:29:00,false,90.1067,108.3827,north,2020-01-01 14:29:00,false,118.3095,74.0375,south,2020-01-01 14:29:00,true,63.9347,77.3988,east,2020-01-01 14:29:00,false
115.1347,99.238,north,2020-01-01 14:30:00,true,92.7732,122.3813,west,2020-01-01 14:30:00,false,92.957,71.2351,west,2020-01-01 14:30:00,false,119.1479,128.052,east,2020-01-01 14:30:00,true
97.0514,112.3521,south,2020-01-01 14:31:00,false,114.762,101.8889,west,2020-01-01 14:31:00,false,104.3761,142.672,east,2020-01-01 14:31:00,true,107.8311,85.3075,west,2020-01-01 14:31:00,true
77.2815,117.6722,west,2020-01-01 14:32:00,true,130.7699,108.8249,south,2020-01-01 14:32:00,false,127.5416,97.7906,east,2020-01-01 14:32:00,false,97.8945,125.4116,west,2020-01-01 14:32:00,true
77.4093,69.9435,east,2020-01-01 14:33:00,false,118.0526,42.7209,east,2020-01-01 14:33:00,true,90.5793,113.0558,west,2020-01-01 14:33:00,false,123.6877,96.0402,west,2020-01-01 14:33:00,false
94.5294,117.4142,south,2020-01-01 14:34:00,false,126.0024,74.8858,south,2020-01-01 14:34:00,false,74.6589,102.3852,south,2020-01-01 14:34:00,true,117.9677,99.768,south,2020-01-01 14:34:00,true
79.2799,102.9266,west,2020-01-01 14:35:00,true,96.0762,114.5202,south,2020-01-01 14:35:00,false,95.0112,140.8988,south,2020-01-01 14:35:00,true,89.3015,137.6354,west,2020-01-01 14:35:00,true
66.6756,136.1869,west,2020-01-01 14:36:00,false,71.4812,83.861,south,2020-01-01 14:36:00,true,149.7601,129.8532,north,2020-01-01 14:36:00,false,85.2992,102.7903,north,2020-01-01 14:36:00,false
107.2848,145.1403,west,2020-01-01 14:37:00,true,95.5773,135.2601,south,2020-01-01 14:37:00,true,144.9353,109.5522,north,2020-01-01 14:37:00,true,114.893,105.5999,south,2020-01-01 14:37:00,true
131.5444,108.8487,east,2020-01-01 14:38:00,true,75.9845,122.4773,south,2020-01-01 14:38:00,false,75.6554,77.1012,north,2020-01-01 14:38:00,false,131.7904,59.698,north,2020-01-01 14:38:00,false
92.1201,100.6354,south,2020-01-01 14:39:00,true,92.6731,96.3417,west,2020-01-01 14:39:00,false,102.7131,106.4396,west,2020-01-01 14:39:00,true,141.1612,137.1576,north,2020-01-01 14:39:00,false
95.4562,88.4965,west,2020-01-01 14:40:00,true,111.1451,102.727,east,2020-01-01 14:40:00,true,63.8312,131.1671,south,2020-01-01 14:40:00,false,53.9747,83.0464,north,2020-01-01 14:40:00,false
88.1366,69.5563,north,2020-01-01 14:41:00,false,98.8209,123.7408,south,2020-01-01 14:41:00,true,114.2553,106.8687,west,2020-01-01 14:41:00,false,42.6088,156.8673,east,2020-01-01 14:41:00,false
137.1415,75.6229,north,2020-01-01 14:42:00,true,77.5025,91.9917,north,2020-01-01 14:42:00,true,113.2344,82.968,west,2020-01-01 14:42:00,false,89.8577,96.0934,north,2020-01-01 14:42:00,true
87.4359,142.4502,east,2020-01-01 14:43:00,false,101.5183,73.9568,north,2020-01-01 14:43:00,false,117.8859,102.7132,west,2020-01-01 14:43:00,true,97.9446,108.6493,south,2020-01-01 14:43:00,true
88.7853,92.6359,east,2020-01-01 14:44:00,false,129.0884,129.6167,north,2020-01-01 14:44:00,false,81.2047,38.6874,south,2020-01-01 14:44:00,true,109.6652,108.6836,east,2020-01-01 14:44:00,false
47.9403,88.0289,west,2020-01-01 14:45:00,true,63.1132,130.6692,west,2020-01-01 14:45:00,true,78.6531,110.9033,north,2020-01-01 14:45:00,true,87.5572,94.7675,south,2020-01-01 14:45:00,true
124.2345,141.3492,north,2020-01-01 14:46:00,false,125.431,119.8379,south,2020-01-01 14:46:00,false,83.8379,72.4868,west,2020-01-01 14:46:00,true,95.261,82.6017,west,2020-01-01 14:46:00,false
139.3297,60.916,north,2020-01-01 14:47:00,true,107.3613,90.2357,north,2020-01-01 14:47:00,false,77.9165,128.1863,north,2020-01-01 14:47:00,false,73.9873,109.3798,north,2020-01-01 14:47:00,false
76.7415,117.398,north,2020-01-01 14:48:00,false,96.1586,42.5139,east,2020-01-01 14:48:00,true,76.3961,89.1362,north,2020-01-01 14:48:00,false,111.5248,125.1586,west,2020-01-01 14:48:00,false
113.0819,123.0795,west,2020-01-01 14:49:00,false,113.8478,78.8917,east,2020-01-01 14:49:00,true,118.614,97.246,south,2020-01-01 14:49:00,false,122.0136,68.015,west,2020-01-01 14:49:00,false
151.4792,30.6304,west,2020-01-01 14:50:00,true,92.8847,91.6777,south,2020-01-01 14:50:00,true,65.9095,106.073,north,2020-01-01 14:50:00,true,111.0994,114.7015,north,2020-01-01 14:50:00,true
109.8193,90.416,east,2020-01-01 14:51:00,true,107.4715,120.751,south,2020-01-01 14:51:00,true,67.4667,115.012,east,2020-01-01 14:51:00,true,94.103,125.3441,west,2020-01-01 14:51:00,true
108.4897,143.7498,south,2020-01-01 14:52:00,true,59.2815,98.1487,south,2020-01-01 14:52:00,false,110.6322,114.9844,north,2020-01-01 14:52:00,false,133.2021,102.7272,east,2020-01-01 14:52:00,false
111.7932,57.7264,south,2020-01-01 14:53:00,false,64.6757,103.8631,north,2020-01-01 14:53:00,true,67.8009,78.7432,east,2020-01-01 14:53:00,false,85.8009,90.6865,north,2020-01-01 14:53:00,true
53.2464,110.3642,east,2020-01-01 14:54:00,false,124.0832,115.8464,south,2020-01-01 14:54:00,true,76.444,102.9762,south,2020-01-01 14:54:00,true,105.2122,137.6059,north,2020-01-01 14:54:00,false
71.8943,124.9556,east,2020-01-01 14:55:00,true,128.202,133.6742,east,2020-01-01 14:55:00,true,98.7851,117.8225,east,2020-01-01 14:55:00,false,54.4922,83.1503,south,2020-01-01 14:55:00,true
106.3123,148.1218,north,2020-01-01 14:56:00,false,141.9781,81.9919,south,2020-01-01 14:56:00,false,106.0584,139.8551,east,2020-01-01 14:56:00,true,97.249,110.6757,north,2020-01-01 14:56:00,false
15.6869,105.2815,west,2020-01-01 14:57:00,true,104.6133,138.1589,west,2020-01-01 14:57:00,true,47.352,130.8707,north,2020-01-01 14:57:00,true,103.8485,93.1958,west,2020-01-01 14:57:00,false
92.1805,103.3162,west,2020-01-01 14:58:00,true,65.0279,77.7389,north,2020-01-01 14:58:00,false,95.0621,123.8723,west,2020-01-01 14:58:00,true,120.2664,75.9512,south,2020-01-01 14:58:00,false
141.0641,123.4687,west,2020-01-01 14:59:00,true,74.0442,112.0022,north,2020-01-01 14:59:00,false,105.1712,109.0045,north,2020-01-01 14:59:00,true,94.2695,99.9406,south,2020-01-01 14:59:00,false
73.3429,116.4593,south,2020-01-01 15:00:00,true,138.1222,91.2773,south,2020-01-01 15:00:00,false,64.402,114.6545,south,2020-01-01 15:00:00,true,110.1139,96.9884,east,2020-01-01 15:00:00,false
124.42,128.6579,south,2020-01-01 15:01:00,false,149.9349,60.8199,east,2020-01-01 15:01:00,false,105.283,116.6685,east,2020-01-01 15:01:00,true,84.5172,103.1485,north,2020-01-01 15:01:00,true
111.2101,138.5469,north,2020-01-01 15:02:00,false,138.4406,125.5692,west,2020-01-01 15:02:00,false,101.8793,99.8501,east,2020-01-01 15:02:00,true,110.8107,149.1318,south,2020-01-01 15:02:00,true
107.8146,96.2048,east,2020-01-01 15:03:00,false,73.0668,127.4338,east,2020-01-01 15:03:00,false,87.5888,119.3379,west,2020-01-01 15:03:00,true,151.7702,71.2728,east,2020-01-01 15:03:00,true
55.2373,104.8763,north,2020-01-01 15:04:00,true,84.0686,107.7869,north,2020-01-01 15:04:00,true,98.51,98.3915,east,2020-01-01 15:04:00,true,113.3884,55.8219,south,2020-01-01 15:04:00,false
109.2932,118.3674,north,2020-01-01 15:05:00,true,127.7623,96.3403,west,2020-01-01 15:05:00,true,125.6598,98.1667,north,2020-01-01 15:05:00,false,96.1841,136.5278,east,2020-01-01 15:05:00,true
86.7741,87.6713,west,2020-01-01 15:06:00,false,115.9,93.5326,north,2020-01-01 15:06:00,false,79.8598,91.6266,south,2020-01-01 15:06:00,false,119.7816,99.7045,east,2020-01-01 15:06:00,true
90.4501,93.0463,north,2020-01-01 15:07:00,false,58.2383,92.7151,north,2020-01-01 15:07:00,false,77.3607,109.5707,south,2020-01-01 15:07:00,true,111.0423,134.7559,north,2020-01-01 15:07:00,true
52.8481,68.0707,south,2020-01-01 15:08:00,true,97.166,130.2318,north,2020-01-01 15:08:00,true,92.7353,146.396,south,2020-01-01 15:08:00,false,104.4825,99.3437,east,2020-01-01 15:08:00,false
83.8919,114.0242,east,2020-01-01 15:09:00,true,105.5918,95.8719,south,2020-01-01 15:09:00,true,78.4859,138.0897,south,2020-01-01 15:09:00,true,90.0233,124.1648,south,2020-01-01 15:09:00,false
148.3637,120.8999,north,2020-01-01 15:10:00,true,100.0726,117.1776,north,2020-01-01 15:10:00,true,160.0573,83.5814,north,2020-01-01 15:10:00,true,130.1152,131.9376,east,2020-01-01 15:10:00,true
94.3928,117.5934,south,2020-01-01 15:11:00,true,70.697,145.1158,west,2020-01-01 15:11:00,true,117.307,84.9767,north,2020-01-01 15:11:00,false,67.8656,100.9734,south,2020-01-01 15:11:00,true
55.8662,89.0823,west,2020-01-01 15:12:00,false,93.1792,107.7227,west,2020-01-01 15:12:00,false,139.0265,119.3378,north,2020-01-01 15:12:00,false,49.5143,103.9599,west,2020-01-01 15:12:00,false
69.9875,114.3161,west,2020-01-01 15:13:00,false,117.244,95.0168,north,2020-01-01 15:13:00,true,116.1727,64.9366,north,2020-01-01 15:13:00,false,114.7683,88.4312,east,2020-01-01 15:13:00,false
20.5943,115.2994,west,2020-01-01 15:14:00,false,91.701,132.61,west,2020-01-01 15:14:00,true,123.2647,96.274,east,2020-01-01 15:14:00,true,92.6312,140.8375,west,2020-01-01 15:14:00,true
84.1138,108.0827,north,2020-01-01 15:15:00,false,116.2589,138.5185,west,2020-01-01 15:15:00,true,110.1597,139.9394,north,2020-01-01 15:15:00,false,124.3753,107.0319,west,2020-01-01 15:15:00,false
94.0766,119.1464,east,2020-01-01 15:16:00,true,112.1034,93.2168,north,2020-01-01 15:16:00,false,109.8858,98.8803,west,2020-01-01 15:16:00,true,88.2867,196.3055,east,2020-01-01 15:16:00,true
88.1646,95.2683,west,2020-01-01 15:17:00,false,94.0608,57.7403,west,2020-01-01 15:17:00,false,61.5381,126.2619,north,2020-01-01 15:17:00,false,104.4156,96.3425,north,2020-01-01 15:17:00,false
123.3381,87.5741,west,2020-01-01 15:18:00,true,80.041,62.9428,north,2020-01-01 15:18:00,false,79.2367,90.474,west,2020-01-01 15:18:00,false,133.4723,94.9811,north,2020-01-01 15:18:00,false
70.5289,148.6624,north,2020-01-01 15:19:00,true,115.4418,78.5636,south,2020-01-01 15:19:00,true,123.8759,88.1332,north,2020-01-01 15:19:00,false,81.3024,101.7398,west,2020-01-01 15:19:00,false
68.9618,110.0451,west,2020-01-01 15:20:00,true,102.8293,102.5717,west,2020-01-01 15:20:00,true,83.2781,151.7153,north,2020-01-01 15:20:00,false,90.1494,106.4108,north,2020-01-01 15:20:00,true
90.2547,115.4636,north,2020-01-01 15:21:00,false,109.6522,81.9069,east,2020-01-01 15:21:00,true,135.7179,84.2021,west,2020-01-01 15:21:00,false,99.5862,92.9638,west,2020-01-01 15:21:00,false
147.8204,92.4571,north,2020-01-01 15:22:00,true,141.0022,122.5492,east,2020-01-01 15:22:00,false,88.9061,147.0538,west,2020-01-01 15:22:00,true,102.3391,113.9187,west,2020-01-01 15:22:00,true
124.6289,116.1653,north,2020-01-01 15:23:00,true,82.2899,108.6221,north,2020-01-01 15:23:00,true,115.4038,106.7796,west,2020-01-01 15:23:00,true,114.5317,140.9924,east,2020-01-01 15:23:00,true
86.5085,80.6877,east,2020-01-01 15:24:00,true,109.8147,89.473,north,2020-01-01 15:24:00,true,95.9289,85.8103,east,2020-01-01 15:24:00,false,77.3459,66.7718,west,2020-01-01 15:24:00,false
131.6069,93.6567,west,2020-01-01 15:25:00,false,103.8549,104.7466,south,2020-01-01 15:25:00,true,117.5415,137.5907,south,2020-01-01 15:25:00,false,99.0119,100.7989,south,2020-01-01 15:25:00,true
79.7843,69.2496,north,2020-01-01 15:26:00,false,57.3745,56.2447,east,2020-01-01 15:26:00,false,119.0809,78.5962,south,2020-01-01 15:26:00,true,138.1673,94.1407,south,2020-01-01 15:26:00,true
105.1876,31.6426,south,2020-01-01 15:27:00,true,85.4204,100.3376,east,2020-01-01 15:27:00,false,66.7794,89.5268,north,2020-01-01 15:27:00,true,72.2593,131.5556,south,2020-01-01 15:27:00,true
120.7703,115.7289,south,2020-01-01 15:28:00,false,128.1276,107.4033,west,2020-01-01 15:28:00,true,89.6821,132.0885,east,2020-01-01 15:28:00,true,102.0281,98.4066,west,2020-01-01 15:28:00,false
105.8783,88.138,north,2020-01-01 15:29:00,false,73.8467,92.1564,south,2020-01-01 15:29:00,true,111.7451,100.6318,north,2020-01-01 15:29:00,true,74.2795,145.0482,north,2020-01-01 15:29:00,true
120.2045,57.7191,east,2020-01-01 15:30:00,false,122.5843,125.4462,east,2020-01-01 15:30:00,true,84.3638,52.0782,south,2020-01-01 15:30:00,true,132.0502,126.8951,north,2020-01-01 15:30:00,false
87.5749,99.2184,west,2020-01-01 15:31:00,false,58.2409,95.141,east,2020-01-01 15:31:00,true,125.481,89.4544,north,2020-01-01 15:31:00,false,77.5039,104.2116,north,2020-01-01 15:31:00,false
138.9429,156.254,south,2020-01-01 15:32:00,true,106.6342,80.6934,south,2020-01-01 15:32:00,true,99.8887,111.5059,west,2020-01-01 15:32:00,false,50.7037,107.5385,east,2020-01-01 15:32:00,true
82.0371,132.3483,east,2020-01-01 15:33:00,true,79.1407,86.8335,east,2020-01-01 15:33:00,false,45.3415,154.9569,east,2020-01-01 15:33:00,false,104.8962,61.6135,south,2020-01-01 15:33:00,false
80.015,95.5071,east,2020-01-01 15:34:00,true,116.0579,53.0805,south,2020-01-01 15:34:00,true,105.9077,55.1492,west,2020-01-01 15:34:00,false,113.3286,61.3442,south,2020-01-01 15:34:00,false
66.3355,90.1214,south,2020-01-01 15:35:00,false,97.6481,89.9344,north,2020-01-01 15:35:00,true,124.8172,118.2522,south,2020-01-01 15:35:00,true,107.7498,96.3555,west,2020-01-01 15:35:00,false
98.8102,123.8578,east,2020-01-01 15:36:00,false,46.9543,79.3293,west,2020-01-01 15:36:00,false,108.2268,145.2221,east,2020-01-01 15:36:00,true,123.8734,51.4789,east,2020-01-01 15:36:00,false
70.6911,76.5859,north,2020-01-01 15:37:00,false,92.281,93.5274,west,2020-01-01 15:37:00,false,113.3395,63.3427,west,2020-01-01 15:37:00,false,93.8295,118.6576,east,2020-01-01 15:37:00,true
108.5029,126.66,north,2020-01-01 15:38:00,false,140.0302,114.8379,north,2020-01-01 15:38:00,false,108.1821,95.6751,north,2020-01-01 15:38:00,true,105.0852,89.5756,south,2020-01-01 15:38:00,false
97.6636,104.9205,east,2020-01-01 15:39:00,true,67.214,127.5514,west,2020-01-01 15:39:00,true,113.1016,127.8048,south,2020-01-01 15:39:00,true,119.0119,88.6307,east,2020-01-01 15:39:00,true
68.3523,93.0158,south,2020-01-01 15:40:00,false,122.1892,86.6612,east,2020-01-01 15:40:00,true,134.9199,88.6413,east,2020-01-01 15:40:00,false,75.6272,91.735,east,2020-01-01 15:40:00,false
108.0893,57.4907,east,2020-01-01 15:41:00,true,150.8535,123.6271,west,2020-01-01 15:41:00,true,129.9596,108.9966,west,2020-01-01 15:41:00,false,119.1142,100.1783,east,2020-01-01 15:41:00,true
139.0459,89.7239,east,2020-01-01 15:42:00,true,85.3972,95.5052,east,2020-01-01 15:42:00,true,102.5614,76.7118,south,2020-01-01 15:42:00,true,61.5468,106.5748,east,2020-01-01 15:42:00,true
86.2425,56.4755,north,2020-01-01 15:43:00,false,134.4019,50.3854,south,2020-01-01 15:43:00,true,130.9521,155.2016,south,2020-01-01 15:43:00,false,72.5698,89.5222,west,2020-01-01 15:43:00,true
87.6628,87.6636,south,2020-01-01 15:44:00,false,148.9476,114.0365,east,2020-01-01 15:44:00,true,125.644,78.2583,west,2020-01-01 15:44:00,false,87.8075,112.5117,east,2020-01-01 15:44:00,false
88.3838,97.1639,south,2020-01-01 15:45:00,true,67.264,131.3373,west,2020-01-01 15:45:00,true,109.0446,90.1622,east,2020-01-01 15:45:00,true,81.8873,119.3009,south,2020-01-01 15:45:00,true
62.6312,91.1474,east,2020-01-01 15:46:00,true,75.2078,105.8235,south,2020-01-01 15:46:00,true,121.7689,89.8109,east,2020-01-01 15:46:00,true,73.6961,121.908,west,2020-01-01 15:46:00,true
95.3198,133.6722,east,2020-01-01 15:47:00,false,99.5316,111.6211,east,2020-01-01 15:47:00,true,52.7208,77.4509,west,2020-01-01 15:47:00,false,109.4633,85.2214,east,2020-01-01 15:47:00,false
110.7038,89.3222,east,2020-01-01 15:48:00,true,85.9671,108.9328,south,2020-01-01 15:48:00,false,117.8368,107.839,west,2020-01-01 15:48:00,false,73.6324,107.2391,north,2020-01-01 15:48:00,true
99.8063,65.8875,west,2020-01-01 15:49:00,false,103.4323,94.1206,east,2020-01-01 15:49:00,false,116.6244,93.5245,south,2020-01-01 15:49:00,false,112.1871,49.6479,west,2020-01-01 15:49:00,true
104.0701,134.1303,north,2020-01-01 15:50:00,false,96.464,124.6608,south,2020-01-01 15:50:00,false,32.9233,105.1815,east,2020-01-01 15:50:00,false,108.0509,86.4518,east,2020-01-01 15:50:00,false
108.3305,113.4378,east,2020-01-01 15:51:00,false,70.7991,144.7969,south,2020-01-01 15:51:00,false,70.0422,91.6267,south,2020-01-01 15:51:00,true,104.7536,111.2867,south,2020-01-01 15:51:00,true
89.3284,67.918,north,2020-01-01 15:52:00,false,109.5933,112.4089,west,2020-01-01 15:52:00,true,113.5234,78.2528,south,2020-01-01 15:52:00,true,125.3777,102.973,north,2020-01-01 15:52:00,false
95.5698,103.2652,east,2020-01-01 15:53:00,true,104.0621,116.603,east,2020-01-01 15:53:00,true,59.5409,146.7072,north,2020-01-01 15:53:00,true,97.8105,126.7129,west,2020-01-01 15:53:00,true
123.9248,48.8866,west,2020-01-01 15:54:00,true,109.1421,69.8448,south,2020-01-01 15:54:00,false,86.0242,85.0808,south,2020-01-01 15:54:00,false,117.1123,144.0056,north,2020-01-01 15:54:00,true
81.5834,88.0519,south,2020-01-01 15:55:00,false,138.6477,112.9252,west,2020-01-01 15:55:00,false,110.5405,118.3177,south,2020-01-01 15:55:00,false,93.4762,144.1666,east,2020-01-01 15:55:00,false
126.5542,124.1716,east,2020-01-01 15:56:00,false,94.3685,99.0673,south,2020-01-01 15:56:00,true,129.2004,69.4508,east,2020-01-01 15:56:00,false,120.6372,110.935,east,2020-01-01 15:56:00,false
47.1843,103.7464,south,2020-01-01 15:57:00,false,84.2534,107.9669,east,2020-01-01 15:57:00,false,107.0551,83.7221,east,2020-01-01 15:57:00,false,73.3504,60.294,east,2020-01-01 15:57:00,false
87.0213,60.4539,west,2020-01-01 15:58:00,true,122.9547,107.3292,south,2020-01-01 15:58:00,false,119.6107,99.7071,north,2020-01-01 15:58:00,true,142.6323,96.8129,east,2020-01-01 15:58:00,true
100.5146,87.7407,east,2020-01-01 15:59:00,true,134.7332,124.9113,north,2020-01-01 15:59:00,false,91.9889,90.6417,east,2020-01-01 15:59:00,true,64.2375,89.714,east,2020-01-01 15:59:00,false
107.901,91.3566,east,2020-01-01 16:00:00,false,34.4569,116.9478,west,2020-01-01 16:00:00,true,108.3816,109.5859,north,2020-01-01 16:00:00,false,133.4185,80.4608,north,2020-01-01 16:00:00,false
126.3466,77.311,east,2020-01-01 16:01:00,false,111.8424,115.1211,south,2020-01-01 16:01:00,true,159.3334,127.7,south,2020-01-01 16:01:00,false,109.5363,101.1659,north,2020-01-01 16:01:00,false
106.0227,100.1224,south,2020-01-01 16:02:00,true,124.6422,114.1876,east,2020-01-01 16:02:00,true,107.2137,107.1632,east,2020-01-01 16:02:00,false,104.7579,75.4808,south,2020-01-01 16:02:00,false
121.4185,77.9689,south,2020-01-01 16:03:00,true,92.2155,140.6206,east,2020-01-01 16:03:00,true,127.1063,80.6073,south,2020-01-01 16:03:00,true,118.725,70.0307,north,2020-01-01 16:03:00,false
84.2495,85.1202,south,2020-01-01 16:04:00,false,87.5183,59.0724,east,2020-01-01 16:04:00,true,85.517,108.6028,east,2020-01-01 16:04:00,true,53.5762,61.8536,south,2020-01-01 16:04:00,true
72.1457,111.6521,west,2020-01-01 16:05:00,true,125.5672,94.1098,south,2020-01-01 16:05:00,true,102.1575,159.2928,west,2020-01-01 16:05:00,true,101.8272,96.1497,south,2020-01-01 16:05:00,false
80.0044,105.637,west,2020-01-01 16:06:00,false,75.0692,112.0126,east,2020-01-01 16:06:00,false,131.7498,98.7211,east,2020-01-01 16:06:00,false,60.7487,108.2499,east,2020-01-01 16:06:00,true
107.7928,70.07,south,2020-01-01 16:07:00,true,90.9535,83.7234,west,2020-01-01 16:07:00,true,121.5625,94.933,west,2020-01-01 16:07:00,true,109.5747,115.0178,south,2020-01-01 16:07:00,true
81.2553,132.6601,south,2020-01-01 16:08:00,false,104.277,84.448,north,2020-01-01 16:08:00,false,72.6158,66.7961,south,2020-01-01 16:08:00,false,79.4322,70.281,north,2020-01-01 16:08:00,false
114.7084,98.516,west,2020-01-01 16:09:00,true,108.628,130.4551,south,2020-01-01 16:09:00,false,107.7697,133.556,west,2020-01-01 16:09:00,false,129.7223,146.9404,west,2020-01-01 16:09:00,true
68.4418,138.4706,west,2020-01-01 16:10:00,false,123.3347,113.369,north,2020-01-01 16:10:00,false,54.9757,126.1291,east,2020-01-01 16:10:00,false,110.7541,77.7514,north,2020-01-01 16:10:00,true
98.0095,76.8522,south,2020-01-01 16:11:00,false,72.3222,73.0364,west,2020-01-01 16:11:00,true,120.7768,86.9046,north,2020-01-01 16:11:00,false,88.0219,70.2931,east,2020-01-01 16:11:00,false
82.6124,111.5722,west,2020-01-01 16:12:00,false,110.1228,143.4149,east,2020-01-01 16:12:00,true,108.8131,121.0658,west,2020-01-01 16:12:00,true,87.2611,131.3397,south,2020-01-01 16:12:00,false
93.7882,97.5385,north,2020-01-01 16:13:00,false,118.1716,47.7365,south,2020-01-01 16:13:00,true,40.1303,107.7807,north,2020-01-01 16:13:00,true,77.6667,100.1462,east,2020-01-01 16:13:00,true
137.8067,85.1502,east,2020-01-01 16:14:00,true,88.5281,100.5216,south,2020-01-01 16:14:00,false,131.4949,94.0543,west,2020-01-01 16:14:00,false,86.065,90.7885,north,2020-01-01 16:14:00,false
83.1237,92.4925,west,2020-01-01 16:15:00,false,89.3872,118.7108,north,2020-01-01 16:15:00,true,105.3691,101.0834,north,2020-01-01 16:15:00,true,70.1906,164.8185,north,2020-01-01 16:15:00,false
113.7278,64.093,east,2020-01-01 16:16:00,true,117.548,80.222,east,2020-01-01 16:16:00,false,87.7865,126.1775,west,2020-01-01 16:16:00,false,99.0452,120.68,east,2020-01-01 16:16:00,false
108.68,50.9313,west,2020-01-01 16:17:00,false,56.5853,120.7646,south,2020-01-01 16:17:00,false,104.6786,61.396,north,2020-01-01 16:17:00,true,151.255,102.7845,west,2020-01-01 16:17:00,false
108.2181,112.7553,north,2020-01-01 16:18:00,true,119.1014,82.8118,east,2020-01-01 16:18:00,true,93.1123,99.2275,north,2020-01-01 16:18:00,false,126.8244,99.5369,west,2020-01-01 16:18:00,false
78.4721,75.3208,west,2020-01-01 16:19:00,false,101.7964,95.6414,south,2020-01-01 16:19:00,false,112.3364,97.5704,north,2020-01-01 16:19:00,true,67.4274,105.9274,west,2020-01-01 16:19:00,false
96.5744,102.3681,south,2020-01-01 16:20:00,false,97.247,119.6499,south,2020-01-01 16:20:00,true,107.5417,91.0162,south,2020-01-01 16:20:00,false,110.5332,121.754,west,2020-01-01 16:20:00,true
95.092,135.0588,south,2020-01-01 16:21:00,true,69.0692,99.4102,south,2020-01-01 16:21:00,false,122.6657,140.0546,south,2020-01-01 16:21:00,false,118.4155,105.228,north,2020-01-01 16:21:00,true
80.8454,106.5231,north,2020-01-01 16:22:00,true,123.1706,146.7109,south,2020-01-01 16:22:00,false,109.5685,104.4937,east,2020-01-01 16:22:00,true,101.2375,128.201,west,2020-01-01 16:22:00,false
146.2097,105.2141,west,2020-01-01 16:23:00,true,102.4697,108.4848,south,2020-01-01 16:23:00,false,79.6061,119.2504,south,2020-01-01 16:23:00,true,101.021,111.0182,south,2020-01-01 16:23:00,true
129.5219,154.3694,north,2020-01-01 16:24:00,false,98.4598,107.2795,north,2020-01-01 16:24:00,true,109.8749,135.4544,south,2020-01-01 16:24:00,false,136.3975,110.0337,east,2020-01-01 16:24:00,false
125.5535,68.2917,west,2020-01-01 16:25:00,false,118.7169,127.0733,south,2020-01-01 16:25:00,false,28.8964,81.1352,south,2020-01-01 16:25:00,true,116.3393,102.9244,north,2020-01-01 16:25:00,false
82.4757,141.8842,south,2020-01-01 16:26:00,true,103.4755,70.2209,east,2020-01-01 16:26:00,true,112.9818,132.6793,north,2020-01-01 16:26:00,false,69.9928,36.5515,north,2020-01-01 16:26:00,true
86.5093,117.0727,west,2020-01-01 16:27:00,false,123.5652,63.8208,east,2020-01-01 16:27:00,false,120.8415,85.0642,east,2020-01-01 16:27:00,false,123.5911,83.9445,north,2020-01-01 16:27:00,false
94.2945,88.3596,north,2020-01-01 16:28:00,false,100.7801,140.9539,south,2020-01-01 16:28:00,false,74.6888,94.6153,east,2020-01-01 16:28:00,false,59.1056,85.4417,west,2020-01-01 16:28:00,false
79.1715,120.5943,east,2020-01-01 16:29:00,false,114.55,66.216,east,2020-01-01 16:29:00,false,99.6763,118.0257,east,2020-01-01 16:29:00,true,74.1491,109.7884,west,2020-01-01 16:29:00,true
89.2432,127.43,west,2020-01-01 16:30:00,true,136.9809,105.2549,north,2020-01-01 16:30:00,true,137.9841,111.4122,west,2020-01-01 16:30:00,false,140.5524,91.4332,south,2020-01-01 16:30:00,true
94.0472,118.3772,west,2020-01-01 16:31:00,true,131.8173,121.5073,south,2020-01-01 16:31:00,false,77.3124,97.1079,west,2020-01-01 16:31:00,false,102.3474,103.1036,north,2020-01-01 16:31:00,true
90.4135,55.1296,north,2020-01-01 16:32:00,false,100.2961,88.694,west,2020-01-01 16:32:00,false,109.1208,64.7118,west,2020-01-01 16:32:00,true,89.8662,110.3652,east,2020-01-01 16:32:00,false
96.4132,71.7088,east,2020-01-01 16:33:00,true,112.507,100.3442,south,2020-01-01 16:33:00,true,128.8181,144.0143,south,2020-01-01 16:33:00,true,69.8097,96.8973,east,2020-01-01 16:33:00,true
133.7201,96.4496,south,2020-01-01 16:34:00,false,108.7294,110.1657,west,2020-01-01 16:34:00,false,78.2407,91.6095,east,2020-01-01 16:34:00,true,86.1665,120.2449,north,2020-01-01 16:34:00,false
108.0669,98.3499,west,2020-01-01 16:35:00,true,58.6059,125.268,north,2020-01-01 16:35:00,true,124.4443,115.5075,east,2020-01-01 16:35:00,false,123.9554,102.0,north,2020-01-01 16:35:00,true
126.9387,103.0742,north,2020-01-01 16:36:00,true,65.5946,134.3036,north,2020-01-01 16:36:00,true,126.6126,157.8205,south,2020-01-01 16:36:00,true,94.2286,119.5206,south,2020-01-01 16:36:00,true
112.37,99.9539,north,2020-01-01 16:37:00,false,161.9573,93.6582,west,2020-01-01 16:37:00,false,135.2411,132.5184,south,2020-01-01 16:37:00,true,106.8482,63.172,east,2020-01-01 16:37:00,false
107.3323,117.067,south,2020-01-01 16:38:00,true,103.2553,81.8297,north,2020-01-01 16:38:00,true,127.2925,98.7991,north,2020-01-01 16:38:00,true,74.4229,53.5268,north,2020-01-01 16:38:00,false
143.2016,92.6516,east,2020-01-01 16:39:00,true,111.9087,112.7206,east,2020-01-01 16:39:00,true,111.9787,90.2282,south,2020-01-01 16:39:00,true,108.6173,81.8381,west,2020-01-01 16:39:00,true
